Name,Domain,Status,Notes,Sources,clean_domain,russian_prop
20minuts[.]com,20minuts[.]com,,Spoofs the French newspaper 20 minutes.,[1][2],20minuts.com,1
50 States of Lie,50statesoflie.com,Defunct,,[3][4][5][6],50statesoflie.com,1
Acrosstheline.press,Acrosstheline.press,Defunct,Seized by the United States federal government in 2024.,[5][4][6],acrosstheline.press,1
Avisindependent[.]eu,Avisindependent[.]eu,,,[1][2],avisindependent.eu,1
ansa[.]ltd,ansa[.]ltd,,Spoofs ANSA.,[7][1][2],ansa.ltd,1
bild-d[.]beauty,bild-d[.]beauty,,Imitates Bild.,[2],bild-d.beauty,1
bild[.]Asia,bild[.]Asia,,Imitates Bild.,[7][1][2][4][6],bild.asia,1
bild[.]beauty,bild[.]beauty,,Imitates Bild.,[2],bild.beauty,1
bild[.]eu[.]com,bild[.]eu[.]com,,Imitates Bild.,[7][1][2],bild.eu.com,1
bild[.]expert,bild[.]expert,,Imitates Bild.,[2],bild.expert,1
Bild[.]llc,Bild[.]llc,,Imitates Bild.,[7][1][2][4][6],bild.llc,1
Bild[.]pics,Bild[.]pics,,Imitates Bild.,[7][1][2][4],bild.pics,1
bild[.]work,bild[.]work,,Imitates Bild.,[2][6],bild.work,1
bildd[.]beauty,bildd[.]beauty,,Imitates Bild.,[2],bildd.beauty,1
bildd[.]lol,bildd[.]lol,,Imitates Bild.,[2],bildd.lol,1
blld[.]live,blld[.]live,,Imitates Bild.,[2][4],blld.live,1
build[.]vip,build[.]vip,,Imitates Bild.,[7][1][2],build.vip,1
build[.]work,build[.]work,Defunct,Imitates Bild. Seized by the United States federal government in 2024.,[7][1][2][4],build.work,1
build[.]ws,build[.]ws,,Imitates Bild.,[7][1][2][4][6],build.ws,1
bund[.]pe,bund[.]pe,,,[2],bund.pe,1
bundespolizei[.]pe,bundespolizei[.]pe,,,[2],bundespolizei.pe,1
cropmarketchronicles.us,cropmarketchronicles.us,,,[5],cropmarketchronicles.us,1
dailymail[.]cam,dailymail[.]cam,,Imitates The Daily Mail.,[7][1][2][4][6],dailymail.cam,1
dailymail[.]cfd,dailymail[.]cfd,,Imitates The Daily Mail.,[7][1][2][4][6],dailymail.cfd,1
dailymail[.]top,dailymail[.]top,,Imitates The Daily Mail.,[7][1][2][4][6],dailymail.top,1
delfi[.]life,delfi[.]life,,,[1][2][4][6],delfi.life,1
delfi[.]today,delfi[.]today,,,[1][2][4][6],delfi.today,1
delfi[.]top,delfi[.]top,,,[1][2][4][6],delfi.top,1
Election Watch,electionwatch.live,Defunct,,[3][4][5][6],electionwatch.live,1
faz[.]agency,faz[.]agency,,Spoofs FAZ.,[7][1][2][4][6],faz.agency,1
faz[.]beauty,faz[.]beauty,,Spoofs FAZ.,[2],faz.beauty,1
faz[.]life,faz[.]life,,Spoofs FAZ.,[2][4][6],faz.life,1
faz[.]lol,faz[.]lol,,Spoofs FAZ.,[2],faz.lol,1
faz[.]ltd,faz[.]ltd,Defunct,Spoofs FAZ. Seized by the United States federal government in 2024.,[7][1][2][4][6],faz.ltd,1
fazz[.]beauty,fazz[.]beauty,,Spoofs FAZ.,[2],fazz.beauty,1
fazz[.]lol,fazz[.]lol,,Spoofs FAZ.,[2],fazz.lol,1
fox-news[.]in,fox-news[.]in,Defunct,Spoofs Fox News. Seized by the United States federal government in 2024.,[2][3][4][8][6],fox-news.in,1
fox-news[.]top,fox-news[.]top,Defunct,Spoofs Fox News. Seized by the United States federal government in 2024.,[2][4],fox-news.top,1
fraiesvolk[.]com,fraiesvolk[.]com,,,[1][2][6],fraiesvolk.com,1
gouv[.]fm,gouv[.]fm,,,[2],gouv.fm,1
govv[.]pw,govv[.]pw,,,[2],govv.pw,1
holylandherald.com,holylandherald.com,Defunct,Seized by the United States federal government in 2024.,[5][4][6],holylandherald.com,1
theguardian[.]co[.]com,theguardian[.]co[.]com,,Spoof of The Guardian that falsely claims Ukraine faked civilian deaths during the Bucha massacre.,[1][2],theguardian.co.com,1
infosindependants[.]fr,infosindependants[.]fr,,,[9],infosindependants.fr,1
jewishjournal[.]info,jewishjournal[.]info,,Spoof of the Jewish Journal.,[10][2],jewishjournal.info,1
jiraboom[.]pro,jiraboom[.]pro,,,[2],jiraboom.pro,1
la-croix[.]cam,la-croix[.]cam,,,[2],la-croix.cam,1
lemonde[.]ltd,lemonde[.]ltd,Defunct,Spoof of Le Monde. Seized by the United States federal government in 2024.,[2][4][6],lemonde.ltd,1
leparisien[.]cc,leparisien[.]cc,,Spoof of Le Parisien.,[2],leparisien.cc,1
leparisien[.]ltd,leparisien[.]ltd,Defunct,Spoof of Le Parisien. Seized by the United States federal government in 2024.,[2][4][6],leparisien.ltd,1
leparisien[.]pm,leparisien[.]pm,,Spoof of Le Parisien.,[11][2],leparisien.pm,1
lepoint[.]foo,lepoint[.]foo,,,[2],lepoint.foo,1
lepoint[.]info,lepoint[.]info,,,[2],lepoint.info,1
liberation[.]ltd,liberation[.]ltd,,,[2],liberation.ltd,1
Liesofwallstreet.com,liesofwallstreet.com,,,[3][5][6],liesofwallstreet.com,1
mako[.]news,mako[.]news,,Spoof of Mako.,[10][2],mako.news,1
mfa-qov[.]info,mfa-qov[.]info,,,[2],mfa-qov.info,1
morgenpost[.]ltd,morgenpost[.]ltd,,,[2],morgenpost.ltd,1
nato[.]ws,nato[.]ws,,,[2],nato.ws,1
nd-aktuell[.]co,nd-aktuell[.]co,,Spoofs Neues Deutschland.,[2][4][6],nd-aktuell.co,1
nd-aktuell[.]net,nd-aktuell[.]net,,Spoofs Neues Deutschland.,[1][2][4][6],nd-aktuell.net,1
nd-aktuell[.]pro,nd-aktuell[.]pro,,Spoofs Neues Deutschland.,[1][2][4][6],nd-aktuell.pro,1
obozrevatel[.]ltd,obozrevatel[.]ltd,,Spoofs Obozrevatel.,[2][4][6],obozrevatel.ltd,1
okmagazine[.]us,okmagazine[.]us,,"Spoofs OK Magazine. On July 30, 2025, a fake website imitating okmagazine.us published a fabricated article about President of Moldova Maia Sandu allegedly buying sperm from gay celebrities to conceive a child prior to the parliamentary elections, which will be held in Moldova on September 28, 2025. According to Whois, the domain was registered on July 28, 2025.",[12][13][14][15],okmagazine.us,1
polityka[.]pro,polityka[.]pro,,,[2],polityka.pro,1
polskieradio24[.]net,polskieradio24[.]net,,,[2],polskieradio24.net,1
pravda-ua[.]com,pravda-ua[.]com,Defunct,Spoofs Ukrainska Pravda. Seized by the United States federal government in 2024.,[2][4][6],pravda-ua.com,1
pravda-ua[.]rest,pravda-ua[.]rest,,Spoofs Ukrainska Pravda.,[2],pravda-ua.rest,1
pravda-ua[.]space,pravda-ua[.]space,,Spoofs Ukrainska Pravda.,[2],pravda-ua.space,1
rbk-sourse[.]digital,rbk-sourse[.]digital,,,[2],rbk-sourse.digital,1
rbk[.]media,rbk[.]media,Defunct,Spoofs RBK Group. Seized by the United States federal government in 2024.,[2][4][5][6],rbk.media,1
rbk[.]today,rbk[.]today,,Spoofs RBK Group.,[1][2],rbk.today,1
repubblica[.]icu,repubblica[.]icu,,Spoofs La Repubblica.,[2][4][6],repubblica.icu,1
repubblica[.]life,repubblica[.]life,,Spoofs La Repubblica.,[1][2][4][6],repubblica.life,1
repubblica[.]world,repubblica[.]world,,Spoofs La Repubblica.,[2][4][6],repubblica.world,1
Reliable Recent News (RRN),rrn.media,Defunct,Seized by the United States federal government in 2024.,[5][4][6],rrn.media,1
Reliable Recent News (RRN),Rrn[.]world,,,[7][1][2][4][6],rrn.world,1
schlauespiel[.]de,schlauespiel[.]de,,,[1][2],schlauespiel.de,1
shadowwatch.us,shadowwatch.us,Defunct,Seized by the United States federal government in 2024.,[5][4][6],shadowwatch.us,1
spicyconspiracy.info,spicyconspiracy.info,,,[5][6],spicyconspiracy.info,1
spiegel[.]agency,spiegel[.]agency,Defunct,Spoofs Der Spiegel. Seized by the United States federal government in 2024.,[7][1][2][4][6],spiegel.agency,1
spiegel[.]cab,spiegel[.]cab,,Spoofs Der Spiegel.,[7][1][2],spiegel.cab,1
spiegel[.]fun,spiegel[.]fun,,Spoofs Der Spiegel.,[7][1][2][4][6],spiegel.fun,1
spiegel[.]ink,spiegel[.]ink,,Spoofs Der Spiegel.,[7][1][2][4][6],spiegel.ink,1
spiegel[.]ltd,spiegel[.]ltd,,Spoofs Der Spiegel.,[7][1][2],spiegel.ltd,1
spiegel[.]pro,spiegel[.]pro,,Spoofs Der Spiegel.,[7][1][2][4][6],spiegel.pro,1
spiegel[.]quest,spiegel[.]quest,,Spoofs Der Spiegel.,[7][1][2][4],spiegel.quest,1
spiegel[.]today,spiegel[.]today,,Spoofs Der Spiegel.,[7][1][2][4][6],spiegel.today,1
spiegel[.]work,spiegel[.]work,,Spoofs Der Spiegel.,[7][1][2][4][6],spiegel.work,1
spiegeli[.]life,spiegeli[.]life,,Spoofs Der Spiegel.,[7][1][2][4][6],spiegeli.life,1
spiegeli[.]live,spiegeli[.]live,,Spoofs Der Spiegel.,[7][1][2][4][6],spiegeli.live,1
spiegeli[.]today,spiegeli[.]today,,Spoofs Der Spiegel.,[7][1][2][4][6],spiegeli.today,1
spiegell[.]beauty,spiegell[.]beauty,,Spoofs Der Spiegel.,[2],spiegell.beauty,1
spiegell[.]lol,spiegell[.]lol,,Spoofs Der Spiegel.,[2],spiegell.lol,1
spiegelr[.]live,spiegelr[.]live,Defunct,Spoofs Der Spiegel.,[7][1][2][4][6],spiegelr.live,1
spiegelr[.]today,spiegelr[.]today,Defunct,Spoofs Der Spiegel.,[7][1][2][4][6],spiegelr.today,1
sueddeutsche[.]cc,sueddeutsche[.]cc,,,[1][2][4][6],sueddeutsche.cc,1
sueddeutsche[.]co,sueddeutsche[.]co,Defunct,Seized by the United States federal government in 2024.,[1][2][4][6],sueddeutsche.co,1
sueddeutsche[.]ltd,sueddeutsche[.]ltd,,,[2][4][6],sueddeutsche.ltd,1
sueddeutsche[.]me,sueddeutsche[.]me,,,[1][2][4][6],sueddeutsche.me,1
sueddeutsche[.]online,sueddeutsche[.]online,,,[1][2][4][6],sueddeutsche.online,1
t-online[.]life,t-online[.]life,,Spoofs T-Online.,[7][1][2][4],t-online.life,1
t-onlinl[.]life,t-onlinl[.]life,Defunct,Spoofs T-Online.,[7][1][2][4][6],t-onlinl.life,1
t-onlinl[.]live,t-onlinl[.]live,Defunct,Spoofs T-Online.,[7][1][2][4][6],t-onlinl.live,1
t-onlinl[.]today,t-onlinl[.]today,Defunct,Spoofs T-Online.,[7][1][2][4][6],t-onlinl.today,1
t-onlinr[.]life,t-onlinr[.]life,,Spoofs T-Online.,[7][1][2][4][6],t-onlinr.life,1
t-onlinr[.]live,t-onlinr[.]live,,Spoofs T-Online.,[7][1][2][4][6],t-onlinr.live,1
t-onlinr[.]today,t-onlinr[.]today,,Spoofs T-Online.,[7][1][2][4][6],t-onlinr.today,1
tagesspiegel[.]co,tagesspiegel[.]co,,Spoofs Der Tagesspiegel. Seized by the United States federal government in 2024.,[7][1][16][2][4][6],tagesspiegel.co,1
tagesspiegel[.]ltd,tagesspiegel[.]ltd,,Spoofs Der Tagesspiegel.,[7][1][16][2][4][6],tagesspiegel.ltd,1
tonline[.]cfd,tonline[.]cfd,,Spoofs T-Online.,[7][1][2],tonline.cfd,1
tonline[.]life,tonline[.]life,,Spoofs T-Online.,[7][1][2][6],tonline.life,1
tonline[.]today,tonline[.]today,,Spoofs T-Online.,[7][1][2][6],tonline.today,1
ua-pravda[.]click,ua-pravda[.]click,,Spoofs Ukrainska Pravda.,[2],ua-pravda.click,1
ukrlm.info,ukrlm.info,,,[5][6],ukrlm.info,1
unian[.]pm,unian[.]pm,,,[2][5],unian.pm,1
walla[.]com[.]co,walla[.]com[.]co,,Spoofs Walla.,[2],walla.com.co,1
washingtonpost[.]ltd,washingtonpost[.]ltd,,Spoofs the Washington Post.,[2][4][6],washingtonpost.ltd,1
warfareinsider.us,warfareinsider.us,Defunct,Seized by the United States federal government in 2024.,[5][4][6],warfareinsider.us,1
welt[.]beauty,welt[.]beauty,,Spoofs Welt.,[2],welt.beauty,1
welt[.]lol,welt[.]lol,,Spoofs Welt.,[2],welt.lol,1
welt[.]ltd,welt[.]ltd,,Spoofs Welt.,[7][1][2][4][6],welt.ltd,1
welt[.]media,welt[.]media,,Spoofs Welt.,[7][1][2][4][6],welt.media,1
welt[.]tours,welt[.]tours,,Spoofs Welt.,[2],welt.tours,1
welt[.]ws,welt[.]ws,,Spoofs Welt.,[7][1][2][4][6],welt.ws,1
weltt[.]beauty,weltt[.]beauty,,Spoofs Welt.,[2],weltt.beauty,1
weltt[.]lol,weltt[.]lol,,Spoofs Welt.,[2],weltt.lol,1
zestiftung[.]com,zestiftung[.]com,,,[1][2],zestiftung.com,1
12com[.]ru,12com[.]ru,,,[17],12com.ru,1
2memo[.]ru,2memo[.]ru,,,[17],2memo.ru,1
4erkessk[.]ru,4erkessk[.]ru,,,[17],4erkessk.ru,1
4memo[.]net,4memo[.]net,,,[17],4memo.net,1
5-gorsk[.]ru,5-gorsk[.]ru,,,[17],5-gorsk.ru,1
5lavr[.]org,5lavr[.]org,,,[17],5lavr.org,1
abakan-pyatnitsa[.]ru,abakan-pyatnitsa[.]ru,,,[17],abakan-pyatnitsa.ru,1
aban-pyatnitsa[.]ru,aban-pyatnitsa[.]ru,,,[17],aban-pyatnitsa.ru,1
abaz-vestnik[.]ru,abaz-vestnik[.]ru,,,[17],abaz-vestnik.ru,1
abinskaya-linia[.]ru,abinskaya-linia[.]ru,,,[17],abinskaya-linia.ru,1
achkhoi-martan[.]ru,achkhoi-martan[.]ru,,,[17],achkhoi-martan.ru,1
afip-den[.]ru,afip-den[.]ru,,,[17],afip-den.ru,1
aginskoe-today[.]ru,aginskoe-today[.]ru,,,[17],aginskoe-today.ru,1
ahtirka[.]ru,ahtirka[.]ru,,,[17],ahtirka.ru,1
ahtubinsk-projektor[.]ru,ahtubinsk-projektor[.]ru,,,[17],ahtubinsk-projektor.ru,1
ahtyrka-info[.]ru,ahtyrka-info[.]ru,,,[17],ahtyrka-info.ru,1
aihal-vesti[.]ru,aihal-vesti[.]ru,,,[17],aihal-vesti.ru,1
ak-dovurak[.]press,ak-dovurak[.]press,,,[17],ak-dovurak.press,1
aksaysovet[.]ru,aksaysovet[.]ru,,,[17],aksaysovet.ru,1
akua-suhum[.]info,akua-suhum[.]info,,,[17],akua-suhum.info,1
alagirskie-dni[.]ru,alagirskie-dni[.]ru,,,[17],alagirskie-dni.ru,1
aldanvecher[.]ru,aldanvecher[.]ru,,,[17],aldanvecher.ru,1
aleksah[.]ru,aleksah[.]ru,,,[17],aleksah.ru,1
aleksandriyskaya[.]ru,aleksandriyskaya[.]ru,,,[17],aleksandriyskaya.ru,1
aleksandrov-sloboda[.]ru,aleksandrov-sloboda[.]ru,,,[17],aleksandrov-sloboda.ru,1
aleut-star[.]ru,aleut-star[.]ru,,,[17],aleut-star.ru,1
alexsandrov-sloboda[.]ru,alexsandrov-sloboda[.]ru,,,[17],alexsandrov-sloboda.ru,1
all-yalta[.]ru,all-yalta[.]ru,,,[17],all-yalta.ru,1
alleroi[.]ru,alleroi[.]ru,,,[17],alleroi.ru,1
alleroy-utro[.]ru,alleroy-utro[.]ru,,,[17],alleroy-utro.ru,1
altai-week[.]ru,altai-week[.]ru,,,[17],altai-week.ru,1
altaiskaya-iskra[.]ru,altaiskaya-iskra[.]ru,,,[17],altaiskaya-iskra.ru,1
alter-info[.]ru,alter-info[.]ru,,,[17],alter-info.ru,1
amak[.]ru,amak[.]ru,,,[17],amak.ru,1
amur-liman[.]ru,amur-liman[.]ru,,,[17],amur-liman.ru,1
amur-novosti[.]ru,amur-novosti[.]ru,,,[17],amur-novosti.ru,1
amurzori[.]ru,amurzori[.]ru,,,[17],amurzori.ru,1
amzvezda[.]ru,amzvezda[.]ru,,,[17],amzvezda.ru,1
anuzori[.]ru,anuzori[.]ru,,,[17],anuzori.ru,1
anyui[.]ru,anyui[.]ru,,,[17],anyui.ru,1
anzhero-sudzhenski[.]ru,anzhero-sudzhenski[.]ru,,,[17],anzhero-sudzhenski.ru,1
apatites[.]ru,apatites[.]ru,,,[17],apatites.ru,1
apchas[.]ru,apchas[.]ru,,,[17],apchas.ru,1
ar-asb[.]ru,ar-asb[.]ru,,,[17],ar-asb.ru,1
aramil-vesti[.]ru,aramil-vesti[.]ru,,,[17],aramil-vesti.ru,1
ardonvestnik[.]ru,ardonvestnik[.]ru,,,[17],ardonvestnik.ru,1
argayash-m[.]ru,argayash-m[.]ru,,,[17],argayash-m.ru,1
argumenty-kuragino[.]ru,argumenty-kuragino[.]ru,,,[17],argumenty-kuragino.ru,1
argungazeta[.]ru,argungazeta[.]ru,,,[17],argungazeta.ru,1
armavir-zerkalo[.]ru,armavir-zerkalo[.]ru,,,[17],armavir-zerkalo.ru,1
armvestnik[.]ru,armvestnik[.]ru,,,[17],armvestnik.ru,1
artem-plus[.]ru,artem-plus[.]ru,,,[17],artem-plus.ru,1
arzamas-gazeta[.]ru,arzamas-gazeta[.]ru,,,[17],arzamas-gazeta.ru,1
arzvest[.]ru,arzvest[.]ru,,,[17],arzvest.ru,1
askiz-press[.]ru,askiz-press[.]ru,,,[17],askiz-press.ru,1
astapovskie[.]ru,astapovskie[.]ru,,,[17],astapovskie.ru,1
atamanovskaya-pravda[.]ru,atamanovskaya-pravda[.]ru,,,[17],atamanovskaya-pravda.ru,1
avangard-cv[.]ru,avangard-cv[.]ru,,,[17],avangard-cv.ru,1
avangard-d[.]ru,avangard-d[.]ru,,,[17],avangard-d.ru,1
avangard-os[.]ru,avangard-os[.]ru,,,[17],avangard-os.ru,1
avangard29[.]ru,avangard29[.]ru,,,[17],avangard29.ru,1
avangard57[.]ru,avangard57[.]ru,,,[17],avangard57.ru,1
avturvestnik[.]ru,avturvestnik[.]ru,,,[17],avturvestnik.ru,1
azovski-bereg[.]ru,azovski-bereg[.]ru,,,[17],azovski-bereg.ru,1
b-gazeta[.]ru,b-gazeta[.]ru,,,[17],b-gazeta.ru,1
b-pravda[.]ru,b-pravda[.]ru,,,[17],b-pravda.ru,1
b-volga[.]ru,b-volga[.]ru,,,[17],b-volga.ru,1
babaevogazeta[.]ru,babaevogazeta[.]ru,,,[17],babaevogazeta.ru,1
bachi-yurt[.]ru,bachi-yurt[.]ru,,,[17],bachi-yurt.ru,1
bahchisarai-gazeta[.]ru,bahchisarai-gazeta[.]ru,,,[17],bahchisarai-gazeta.ru,1
bahchisaray-gazeta[.]ru,bahchisaray-gazeta[.]ru,,,[17],bahchisaray-gazeta.ru,1
baikal-ogni[.]ru,baikal-ogni[.]ru,,,[17],baikal-ogni.ru,1
baikalskie-ogni[.]ru,baikalskie-ogni[.]ru,,,[17],baikalskie-ogni.ru,1
bakchar[.]ru,bakchar[.]ru,,,[17],bakchar.ru,1
baksanvesti[.]ru,baksanvesti[.]ru,,,[17],baksanvesti.ru,1
balabanovo-gazeta[.]ru,balabanovo-gazeta[.]ru,,,[17],balabanovo-gazeta.ru,1
balahna-vestnik[.]ru,balahna-vestnik[.]ru,,,[17],balahna-vestnik.ru,1
balaklavski-rybak[.]ru,balaklavski-rybak[.]ru,,,[17],balaklavski-rybak.ru,1
balashiha-news[.]ru,balashiha-news[.]ru,,,[17],balashiha-news.ru,1
baltvedomosti[.]ru,baltvedomosti[.]ru,,,[17],baltvedomosti.ru,1
barabinskie-zemlyaki[.]ru,barabinskie-zemlyaki[.]ru,,,[17],barabinskie-zemlyaki.ru,1
bashiskra[.]ru,bashiskra[.]ru,,,[17],bashiskra.ru,1
bc-sco[.]org,bc-sco[.]org,,,[17],bc-sco.org,1
belkalitva[.]ru,belkalitva[.]ru,,,[17],belkalitva.ru,1
belokruga[.]ru,belokruga[.]ru,,,[17],belokruga.ru,1
belomorskie-vesti[.]ru,belomorskie-vesti[.]ru,,,[17],belomorskie-vesti.ru,1
belovskaya-niva[.]ru,belovskaya-niva[.]ru,,,[17],belovskaya-niva.ru,1
beloyarski-uspeh[.]ru,beloyarski-uspeh[.]ru,,,[17],beloyarski-uspeh.ru,1
belozero[.]ru,belozero[.]ru,,,[17],belozero.ru,1
belpobeda[.]ru,belpobeda[.]ru,,,[17],belpobeda.ru,1
belsmena[.]ru,belsmena[.]ru,,,[17],belsmena.ru,1
belvestnik[.]ru,belvestnik[.]ru,,,[17],belvestnik.ru,1
belzarya[.]ru,belzarya[.]ru,,,[17],belzarya.ru,1
belznamya[.]ru,belznamya[.]ru,,,[17],belznamya.ru,1
belzori[.]ru,belzori[.]ru,,,[17],belzori.ru,1
berbgo[.]ru,berbgo[.]ru,,,[17],berbgo.ru,1
bereg-holmsk[.]ru,bereg-holmsk[.]ru,,,[17],bereg-holmsk.ru,1
berezovski-kurs[.]ru,berezovski-kurs[.]ru,,,[17],berezovski-kurs.ru,1
beya-news[.]ru,beya-news[.]ru,,,[17],beya-news.ru,1
bezhetsk-time[.]ru,bezhetsk-time[.]ru,,,[17],bezhetsk-time.ru,1
big-karachai[.]ru,big-karachai[.]ru,,,[17],big-karachai.ru,1
bigkamen[.]ru,bigkamen[.]ru,,,[17],bigkamen.ru,1
bikin-volna[.]ru,bikin-volna[.]ru,,,[17],bikin-volna.ru,1
biychanka[.]press,biychanka[.]press,,,[17],biychanka.press,1
biznovoch[.]ru,biznovoch[.]ru,,,[17],biznovoch.ru,1
blagodarnensky[.]ru,blagodarnensky[.]ru,,,[17],blagodarnensky.ru,1
bobur[.]ru,bobur[.]ru,,,[17],bobur.ru,1
bogorodsky-variant[.]ru,bogorodsky-variant[.]ru,,,[17],bogorodsky-variant.ru,1
boguchany-vestnik[.]ru,boguchany-vestnik[.]ru,,,[17],boguchany-vestnik.ru,1
boguchar-vesti[.]ru,boguchar-vesti[.]ru,,,[17],boguchar-vesti.ru,1
bogved[.]ru,bogved[.]ru,,,[17],bogved.ru,1
bold-vest[.]ru,bold-vest[.]ru,,,[17],bold-vest.ru,1
bolhov-kur[.]ru,bolhov-kur[.]ru,,,[17],bolhov-kur.ru,1
bolmurta[.]ru,bolmurta[.]ru,,,[17],bolmurta.ru,1
bologoe-info[.]ru,bologoe-info[.]ru,,,[17],bologoe-info.ru,1
boltsaryn[.]ru,boltsaryn[.]ru,,,[17],boltsaryn.ru,1
bor-gorod[.]ru,bor-gorod[.]ru,,,[17],bor-gorod.ru,1
borisoglebskie-vesti[.]ru,borisoglebskie-vesti[.]ru,,,[17],borisoglebskie-vesti.ru,1
borodino-panorama[.]ru,borodino-panorama[.]ru,,,[17],borodino-panorama.ru,1
borovichanin[.]ru,borovichanin[.]ru,,,[17],borovichanin.ru,1
br-perekrestok[.]ru,br-perekrestok[.]ru,,,[17],br-perekrestok.ru,1
brasovkray[.]ru,brasovkray[.]ru,,,[17],brasovkray.ru,1
bryuhovetskaya[.]ru,bryuhovetskaya[.]ru,,,[17],bryuhovetskaya.ru,1
budennovsk-today[.]ru,budennovsk-today[.]ru,,,[17],budennovsk-today.ru,1
budniyashkulya[.]ru,budniyashkulya[.]ru,,,[17],budniyashkulya.ru,1
buinaksk-segodnya[.]ru,buinaksk-segodnya[.]ru,,,[17],buinaksk-segodnya.ru,1
bur-gaz[.]ru,bur-gaz[.]ru,,,[17],bur-gaz.ru,1
bvk-urzhum[.]ru,bvk-urzhum[.]ru,,,[17],bvk-urzhum.ru,1
cargologistic[.]ru,cargologistic[.]ru,,,[17],cargologistic.ru,1
caspium[.]ru,caspium[.]ru,,,[17],caspium.ru,1
chaikovski-vestnik[.]ru,chaikovski-vestnik[.]ru,,,[17],chaikovski-vestnik.ru,1
chainskoe-obozrenie[.]ru,chainskoe-obozrenie[.]ru,,,[17],chainskoe-obozrenie.ru,1
chapliginski[.]ru,chapliginski[.]ru,,,[17],chapliginski.ru,1
chastnoe-mnenie[.]ru,chastnoe-mnenie[.]ru,,,[17],chastnoe-mnenie.ru,1
chegdomin[.]ru,chegdomin[.]ru,,,[17],chegdomin.ru,1
cherekvesti[.]ru,cherekvesti[.]ru,,,[17],cherekvesti.ru,1
cheremhovo-vedomosti[.]ru,cheremhovo-vedomosti[.]ru,,,[17],cheremhovo-vedomosti.ru,1
cheremhovskie-vedomosti[.]ru,cheremhovskie-vedomosti[.]ru,,,[17],cheremhovskie-vedomosti.ru,1
chernogorsk-city[.]ru,chernogorsk-city[.]ru,,,[17],chernogorsk-city.ru,1
chernomor[.]press,chernomor[.]press,,,[17],chernomor.press,1
chernoyarets[.]ru,chernoyarets[.]ru,,,[17],chernoyarets.ru,1
chudovski-kolokol[.]ru,chudovski-kolokol[.]ru,,,[17],chudovski-kolokol.ru,1
chulman-vesti[.]ru,chulman-vesti[.]ru,,,[17],chulman-vesti.ru,1
churapchy[.]ru,churapchy[.]ru,,,[17],churapchy.ru,1
chvestnik[.]ru,chvestnik[.]ru,,,[17],chvestnik.ru,1
chyi[.]ru,chyi[.]ru,,,[17],chyi.ru,1
dagkrim[.]ru,dagkrim[.]ru,,,[17],dagkrim.ru,1
dal-pravda[.]ru,dal-pravda[.]ru,,,[17],dal-pravda.ru,1
dalmatovskaya-niva[.]ru,dalmatovskaya-niva[.]ru,,,[17],dalmatovskaya-niva.ru,1
dalnerech[.]ru,dalnerech[.]ru,,,[17],dalnerech.ru,1
dalnereche[.]ru,dalnereche[.]ru,,,[17],dalnereche.ru,1
danilov-obozrenie[.]ru,danilov-obozrenie[.]ru,,,[17],danilov-obozrenie.ru,1
dankov-panorama[.]ru,dankov-panorama[.]ru,,,[17],dankov-panorama.ru,1
davydovskaya-poima[.]ru,davydovskaya-poima[.]ru,,,[17],davydovskaya-poima.ru,1
dedovichi[.]ru,dedovichi[.]ru,,,[17],dedovichi.ru,1
delklintsy[.]ru,delklintsy[.]ru,,,[17],delklintsy.ru,1
delkolchugino[.]ru,delkolchugino[.]ru,,,[17],delkolchugino.ru,1
delkurganinsk[.]ru,delkurganinsk[.]ru,,,[17],delkurganinsk.ru,1
delovaya-istra[.]ru,delovaya-istra[.]ru,,,[17],delovaya-istra.ru,1
delovayanyurba[.]ru,delovayanyurba[.]ru,,,[17],delovayanyurba.ru,1
delovoi-labinsk[.]ru,delovoi-labinsk[.]ru,,,[17],delovoi-labinsk.ru,1
demyanskaya-okruga[.]ru,demyanskaya-okruga[.]ru,,,[17],demyanskaya-okruga.ru,1
denis-kravchenko[.]ru,denis-kravchenko[.]ru,,,[17],denis-kravchenko.ru,1
deniskravchenko[.]ru,deniskravchenko[.]ru,,,[17],deniskravchenko.ru,1
derbent-vechorka[.]ru,derbent-vechorka[.]ru,,,[17],derbent-vechorka.ru,1
desnogorsk-news[.]ru,desnogorsk-news[.]ru,,,[17],desnogorsk-news.ru,1
dialog-kam[.]ru,dialog-kam[.]ru,,,[17],dialog-kam.ru,1
dialog-pikalevo[.]ru,dialog-pikalevo[.]ru,,,[17],dialog-pikalevo.ru,1
dialogkarel[.]ru,dialogkarel[.]ru,,,[17],dialogkarel.ru,1
digora-vesti[.]ru,digora-vesti[.]ru,,,[17],digora-vesti.ru,1
digvesti[.]ru,digvesti[.]ru,,,[17],digvesti.ru,1
dinskaya-pravda[.]ru,dinskaya-pravda[.]ru,,,[17],dinskaya-pravda.ru,1
dinskaya-zhizn[.]ru,dinskaya-zhizn[.]ru,,,[17],dinskaya-zhizn.ru,1
diplomatica[.]ru,diplomatica[.]ru,,,[17],diplomatica.ru,1
dni-kulebaki[.]ru,dni-kulebaki[.]ru,,,[17],dni-kulebaki.ru,1
dnovets[.]ru,dnovets[.]ru,,,[17],dnovets.ru,1
dobri-den[.]ru,dobri-den[.]ru,,,[17],dobri-den.ru,1
dobrii-den[.]ru,dobrii-den[.]ru,,,[17],dobrii-den.ru,1
dobtrud[.]ru,dobtrud[.]ru,,,[17],dobtrud.ru,1
dolinsk-rybak[.]ru,dolinsk-rybak[.]ru,,,[17],dolinsk-rybak.ru,1
domen-besplatno[.]ru,domen-besplatno[.]ru,,,[17],domen-besplatno.ru,1
domovenok-press[.]ru,domovenok-press[.]ru,,,[17],domovenok-press.ru,1
don-ak[.]ru,don-ak[.]ru,,,[17],don-ak.ru,1
donetski-veteran[.]ru,donetski-veteran[.]ru,,,[17],donetski-veteran.ru,1
donetsky-truzhenik[.]ru,donetsky-truzhenik[.]ru,,,[17],donetsky-truzhenik.ru,1
donogni[.]ru,donogni[.]ru,,,[17],donogni.ru,1
dorogobuzh-gazeta[.]ru,dorogobuzh-gazeta[.]ru,,,[17],dorogobuzh-gazeta.ru,1
dost-jizn[.]ru,dost-jizn[.]ru,,,[17],dost-jizn.ru,1
dubna-gorodok[.]ru,dubna-gorodok[.]ru,,,[17],dubna-gorodok.ru,1
dukhovskie-novosti[.]ru,dukhovskie-novosti[.]ru,,,[17],dukhovskie-novosti.ru,1
duldurgin[.]ru,duldurgin[.]ru,,,[17],duldurgin.ru,1
dyrtuli-express[.]ru,dyrtuli-express[.]ru,,,[17],dyrtuli-express.ru,1
dyur-express[.]ru,dyur-express[.]ru,,,[17],dyur-express.ru,1
dzerzhinetspress[.]ru,dzerzhinetspress[.]ru,,,[17],dzerzhinetspress.ru,1
egorevskoe-utro[.]ru,egorevskoe-utro[.]ru,,,[17],egorevskoe-utro.ru,1
egorievskoe-utro[.]ru,egorievskoe-utro[.]ru,,,[17],egorievskoe-utro.ru,1
ehokizlyara[.]ru,ehokizlyara[.]ru,,,[17],ehokizlyara.ru,1
ehoosha[.]com,ehoosha[.]com,,,[17],ehoosha.com,1
ehoosha[.]ru,ehoosha[.]ru,,,[17],ehoosha.ru,1
eiskiliman[.]ru,eiskiliman[.]ru,,,[17],eiskiliman.ru,1
elbrusnews[.]ru,elbrusnews[.]ru,,,[17],elbrusnews.ru,1
elkhotovo[.]ru,elkhotovo[.]ru,,,[17],elkhotovo.ru,1
elkhov-prostory[.]ru,elkhov-prostory[.]ru,,,[17],elkhov-prostory.ru,1
emelyanovo-besedy[.]ru,emelyanovo-besedy[.]ru,,,[17],emelyanovo-besedy.ru,1
eniseiskaya-gubernia[.]ru,eniseiskaya-gubernia[.]ru,,,[17],eniseiskaya-gubernia.ru,1
enotaevka-listok[.]ru,enotaevka-listok[.]ru,,,[17],enotaevka-listok.ru,1
enotaevski-listok[.]ru,enotaevski-listok[.]ru,,,[17],enotaevski-listok.ru,1
ermakovskoe-utro[.]ru,ermakovskoe-utro[.]ru,,,[17],ermakovskoe-utro.ru,1
essentukskaya[.]ru,essentukskaya[.]ru,,,[17],essentukskaya.ru,1
esso-news[.]ru,esso-news[.]ru,,,[17],esso-news.ru,1
esticrimea[.]ru,esticrimea[.]ru,,,[17],esticrimea.ru,1
evenchanka[.]ru,evenchanka[.]ru,,,[17],evenchanka.ru,1
evpatoria-objectiv[.]ru,evpatoria-objectiv[.]ru,,,[17],evpatoria-objectiv.ru,1
evpatoriski[.]ru,evpatoriski[.]ru,,,[17],evpatoriski.ru,1
faces-magazine[.]ru,faces-magazine[.]ru,,,[17],faces-magazine.ru,1
faces-vol[.]ru,faces-vol[.]ru,,,[17],faces-vol.ru,1
fatezhsky-golos[.]ru,fatezhsky-golos[.]ru,,,[17],fatezhsky-golos.ru,1
federalpress[.]ru,federalpress[.]ru,,,[17],federalpress.ru,1
feodosia-prov[.]ru,feodosia-prov[.]ru,,,[17],feodosia-prov.ru,1
fonar-yugra[.]ru,fonar-yugra[.]ru,,,[17],fonar-yugra.ru,1
forumkrim[.]ru,forumkrim[.]ru,,,[17],forumkrim.ru,1
freemediaforum[.]info,freemediaforum[.]info,,,[17],freemediaforum.info,1
fryazinets[.]ru,fryazinets[.]ru,,,[17],fryazinets.ru,1
furmanovski-vestnik[.]ru,furmanovski-vestnik[.]ru,,,[17],furmanovski-vestnik.ru,1
gadzhievo-news[.]ru,gadzhievo-news[.]ru,,,[17],gadzhievo-news.ru,1
gagvesti[.]ru,gagvesti[.]ru,,,[17],gagvesti.ru,1
gatchina-dom[.]press,gatchina-dom[.]press,,,[17],gatchina-dom.press,1
gatchina-press[.]ru,gatchina-press[.]ru,,,[17],gatchina-press.ru,1
gavrilovyam[.]ru,gavrilovyam[.]ru,,,[17],gavrilovyam.ru,1
gazeta-belozerie[.]ru,gazeta-belozerie[.]ru,,,[17],gazeta-belozerie.ru,1
gazeta-dnovets[.]ru,gazeta-dnovets[.]ru,,,[17],gazeta-dnovets.ru,1
gazeta-konakovo[.]ru,gazeta-konakovo[.]ru,,,[17],gazeta-konakovo.ru,1
gazeta-organizator[.]ru,gazeta-organizator[.]ru,,,[17],gazeta-organizator.ru,1
gazeta-osered[.]ru,gazeta-osered[.]ru,,,[17],gazeta-osered.ru,1
gazeta-oshmes[.]ru,gazeta-oshmes[.]ru,,,[17],gazeta-oshmes.ru,1
gazeta-pokrovskoe[.]ru,gazeta-pokrovskoe[.]ru,,,[17],gazeta-pokrovskoe.ru,1
gazeta-polyus[.]ru,gazeta-polyus[.]ru,,,[17],gazeta-polyus.ru,1
gazeta-safonovo[.]ru,gazeta-safonovo[.]ru,,,[17],gazeta-safonovo.ru,1
gazeta-shelehov[.]ru,gazeta-shelehov[.]ru,,,[17],gazeta-shelehov.ru,1
gazeta-sm[.]ru,gazeta-sm[.]ru,,,[17],gazeta-sm.ru,1
gazeta-st[.]ru,gazeta-st[.]ru,,,[17],gazeta-st.ru,1
gazeta-star[.]ru,gazeta-star[.]ru,,,[17],gazeta-star.ru,1
gazeta-suoyarvi[.]ru,gazeta-suoyarvi[.]ru,,,[17],gazeta-suoyarvi.ru,1
gazeta-tuapse[.]ru,gazeta-tuapse[.]ru,,,[17],gazeta-tuapse.ru,1
gazeta-volna[.]ru,gazeta-volna[.]ru,,,[17],gazeta-volna.ru,1
gazeta-zp[.]ru,gazeta-zp[.]ru,,,[17],gazeta-zp.ru,1
gazetababaevo[.]ru,gazetababaevo[.]ru,,,[17],gazetababaevo.ru,1
gazetakurg[.]ru,gazetakurg[.]ru,,,[17],gazetakurg.ru,1
gazetaak[.]ru,gazetaak[.]ru,,,[17],gazetaak.ru,1
gazetasovetsk[.]ru,gazetasovetsk[.]ru,,,[17],gazetasovetsk.ru,1
gazetatavrika[.]ru,gazetatavrika[.]ru,,,[17],gazetatavrika.ru,1
gazetavek[.]ru,gazetavek[.]ru,,,[17],gazetavek.ru,1
gazetavest[.]info,gazetavest[.]info,,,[17],gazetavest.info,1
gazetazt[.]ru,gazetazt[.]ru,,,[17],gazetazt.ru,1
gdov-zarya[.]ru,gdov-zarya[.]ru,,,[17],gdov-zarya.ru,1
gekhi[.]ru,gekhi[.]ru,,,[17],gekhi.ru,1
geldagana[.]ru,geldagana[.]ru,,,[17],geldagana.ru,1
gelendzhik-week[.]ru,gelendzhik-week[.]ru,,,[17],gelendzhik-week.ru,1
georgievsk-krepost[.]ru,georgievsk-krepost[.]ru,,,[17],georgievsk-krepost.ru,1
germanscrimea[.]ru,germanscrimea[.]ru,,,[17],germanscrimea.ru,1
geroldia[.]ru,geroldia[.]ru,,,[17],geroldia.ru,1
giaginskoe-vremya[.]ru,giaginskoe-vremya[.]ru,,,[17],giaginskoe-vremya.ru,1
gipanis[.]ru,gipanis[.]ru,,,[17],gipanis.ru,1
gizbudni[.]ru,gizbudni[.]ru,,,[17],gizbudni.ru,1
gizelbudni[.]ru,gizelbudni[.]ru,,,[17],gizelbudni.ru,1
glas-cherepanovo[.]ru,glas-cherepanovo[.]ru,,,[17],glas-cherepanovo.ru,1
glushkovo-vesti[.]ru,glushkovo-vesti[.]ru,,,[17],glushkovo-vesti.ru,1
goity-vestnik[.]ru,goity-vestnik[.]ru,,,[17],goity-vestnik.ru,1
golden-berdsk[.]ru,golden-berdsk[.]ru,,,[17],golden-berdsk.ru,1
golos-chegem[.]ru,golos-chegem[.]ru,,,[17],golos-chegem.ru,1
golos-dobrinki[.]ru,golos-dobrinki[.]ru,,,[17],golos-dobrinki.ru,1
golos-kh[.]ru,golos-kh[.]ru,,,[17],golos-kh.ru,1
golos-ordynskogo[.]ru,golos-ordynskogo[.]ru,,,[17],golos-ordynskogo.ru,1
golos-p[.]ru,golos-p[.]ru,,,[17],golos-p.ru,1
golos-pestova[.]ru,golos-pestova[.]ru,,,[17],golos-pestova.ru,1
golos-pr[.]ru,golos-pr[.]ru,,,[17],golos-pr.ru,1
golos-prom[.]ru,golos-prom[.]ru,,,[17],golos-prom.ru,1
golos-shumihi[.]ru,golos-shumihi[.]ru,,,[17],golos-shumihi.ru,1
golos-t[.]ru,golos-t[.]ru,,,[17],golos-t.ru,1
golosadyg[.]ru,golosadyg[.]ru,,,[17],golosadyg.ru,1
golosamura[.]ru,golosamura[.]ru,,,[17],golosamura.ru,1
golosladogy[.]ru,golosladogy[.]ru,,,[17],golosladogy.ru,1
golosmozdoka[.]ru,golosmozdoka[.]ru,,,[17],golosmozdoka.ru,1
golyshman[.]ru,golyshman[.]ru,,,[17],golyshman.ru,1
goraltay[.]ru,goraltay[.]ru,,,[17],goraltay.ru,1
gorcomvest[.]ru,gorcomvest[.]ru,,,[17],gorcomvest.ru,1
gornaya-pravda[.]ru,gornaya-pravda[.]ru,,,[17],gornaya-pravda.ru,1
gorod-frolovo[.]ru,gorod-frolovo[.]ru,,,[17],gorod-frolovo.ru,1
gorod-kostomuksha[.]ru,gorod-kostomuksha[.]ru,,,[17],gorod-kostomuksha.ru,1
gorod-kurchatov[.]ru,gorod-kurchatov[.]ru,,,[17],gorod-kurchatov.ru,1
gorod-lukhovitsy[.]ru,gorod-lukhovitsy[.]ru,,,[17],gorod-lukhovitsy.ru,1
gorod-oboyan[.]ru,gorod-oboyan[.]ru,,,[17],gorod-oboyan.ru,1
gorod-ostrov[.]ru,gorod-ostrov[.]ru,,,[17],gorod-ostrov.ru,1
gorod-sovetsky[.]ru,gorod-sovetsky[.]ru,,,[17],gorod-sovetsky.ru,1
gorod-uchaly[.]ru,gorod-uchaly[.]ru,,,[17],gorod-uchaly.ru,1
gorod-usman[.]ru,gorod-usman[.]ru,,,[17],gorod-usman.ru,1
gorodbeloretsk[.]ru,gorodbeloretsk[.]ru,,,[17],gorodbeloretsk.ru,1
gorodostrov[.]info,gorodostrov[.]info,,,[17],gorodostrov.info,1
gorodsibai[.]ru,gorodsibai[.]ru,,,[17],gorodsibai.ru,1
gorokhovets-vesti[.]ru,gorokhovets-vesti[.]ru,,,[17],gorokhovets-vesti.ru,1
gorozhane-gazeta[.]ru,gorozhane-gazeta[.]ru,,,[17],gorozhane-gazeta.ru,1
gorpravda[.]ru,gorpravda[.]ru,,,[17],gorpravda.ru,1
gorshechnoe-vremya[.]ru,gorshechnoe-vremya[.]ru,,,[17],gorshechnoe-vremya.ru,1
goryachi-klyuch[.]ru,goryachi-klyuch[.]ru,,,[17],goryachi-klyuch.ru,1
govorit-bobrov[.]ru,govorit-bobrov[.]ru,,,[17],govorit-bobrov.ru,1
govorit-krivosheino[.]ru,govorit-krivosheino[.]ru,,,[17],govorit-krivosheino.ru,1
govorit-luga[.]ru,govorit-luga[.]ru,,,[17],govorit-luga.ru,1
govorit-sichovka[.]ru,govorit-sichovka[.]ru,,,[17],govorit-sichovka.ru,1
govorit-sychevka[.]ru,govorit-sychevka[.]ru,,,[17],govorit-sychevka.ru,1
govorit-zhukovka[.]ru,govorit-zhukovka[.]ru,,,[17],govorit-zhukovka.ru,1
govoritluga[.]ru,govoritluga[.]ru,,,[17],govoritluga.ru,1
grach26[.]ru,grach26[.]ru,,,[17],grach26.ru,1
gradjeleznogorsk[.]ru,gradjeleznogorsk[.]ru,,,[17],gradjeleznogorsk.ru,1
gradzheleznogorsk[.]ru,gradzheleznogorsk[.]ru,,,[17],gradzheleznogorsk.ru,1
gryazinski-vestnik[.]ru,gryazinski-vestnik[.]ru,,,[17],gryazinski-vestnik.ru,1
gudermes-izvestia[.]ru,gudermes-izvestia[.]ru,,,[17],gudermes-izvestia.ru,1
gulkevichi-press[.]ru,gulkevichi-press[.]ru,,,[17],gulkevichi-press.ru,1
gulkevichi-week[.]ru,gulkevichi-week[.]ru,,,[17],gulkevichi-week.ru,1
gurievsk-variant[.]ru,gurievsk-variant[.]ru,,,[17],gurievsk-variant.ru,1
gurievski-vestnik[.]ru,gurievski-vestnik[.]ru,,,[17],gurievski-vestnik.ru,1
gusnovosti[.]ru,gusnovosti[.]ru,,,[17],gusnovosti.ru,1
h-priziv[.]ru,h-priziv[.]ru,,,[17],h-priziv.ru,1
hangalasski-ulus[.]ru,hangalasski-ulus[.]ru,,,[17],hangalasski-ulus.ru,1
harovskpriziv[.]ru,harovskpriziv[.]ru,,,[17],harovskpriziv.ru,1
hasanvesti[.]ru,hasanvesti[.]ru,,,[17],hasanvesti.ru,1
hasavyurt-vestnik[.]ru,hasavyurt-vestnik[.]ru,,,[17],hasavyurt-vestnik.ru,1
himki-gazeta[.]ru,himki-gazeta[.]ru,,,[17],himki-gazeta.ru,1
hipanis[.]ru,hipanis[.]ru,,,[17],hipanis.ru,1
hlevenskaya-okruga[.]ru,hlevenskaya-okruga[.]ru,,,[17],hlevenskaya-okruga.ru,1
hvoinaya-raion[.]ru,hvoinaya-raion[.]ru,,,[17],hvoinaya-raion.ru,1
ilanskoe-znamya[.]ru,ilanskoe-znamya[.]ru,,,[17],ilanskoe-znamya.ru,1
ilmen-berega[.]ru,ilmen-berega[.]ru,,,[17],ilmen-berega.ru,1
ilsky-golos[.]ru,ilsky-golos[.]ru,,,[17],ilsky-golos.ru,1
ilsky-gorozhanin[.]ru,ilsky-gorozhanin[.]ru,,,[17],ilsky-gorozhanin.ru,1
indsever[.]ru,indsever[.]ru,,,[17],indsever.ru,1
info-kras[.]ru,info-kras[.]ru,,,[17],info-kras.ru,1
infoabakan[.]ru,infoabakan[.]ru,,,[17],infoabakan.ru,1
infoabhaziya[.]ru,infoabhaziya[.]ru,,,[17],infoabhaziya.ru,1
infoadyg[.]ru,infoadyg[.]ru,,,[17],infoadyg.ru,1
infoadygea[.]ru,infoadygea[.]ru,,,[17],infoadygea.ru,1
infoafip[.]ru,infoafip[.]ru,,,[17],infoafip.ru,1
infoagidel[.]ru,infoagidel[.]ru,,,[17],infoagidel.ru,1
infoak-dovurak[.]ru,infoak-dovurak[.]ru,,,[17],infoak-dovurak.ru,1
infoalan[.]ru,infoalan[.]ru,,,[17],infoalan.ru,1
infoalania[.]ru,infoalania[.]ru,,,[17],infoalania.ru,1
infoaldan[.]ru,infoaldan[.]ru,,,[17],infoaldan.ru,1
infoaleisk[.]ru,infoaleisk[.]ru,,,[17],infoaleisk.ru,1
infoalta[.]ru,infoalta[.]ru,,,[17],infoalta.ru,1
infoamur[.]ru,infoamur[.]ru,,,[17],infoamur.ru,1
infoarsenev[.]ru,infoarsenev[.]ru,,,[17],infoarsenev.ru,1
infoarseniev[.]ru,infoarseniev[.]ru,,,[17],infoarseniev.ru,1
infoastra[.]ru,infoastra[.]ru,,,[17],infoastra.ru,1
infoavtury[.]ru,infoavtury[.]ru,,,[17],infoavtury.ru,1
infobabushkin[.]ru,infobabushkin[.]ru,,,[17],infobabushkin.ru,1
infobaltica[.]ru,infobaltica[.]ru,,,[17],infobaltica.ru,1
infobash[.]ru,infobash[.]ru,,,[17],infobash.ru,1
infobaykal[.]ru,infobaykal[.]ru,,,[17],infobaykal.ru,1
infobelg[.]ru,infobelg[.]ru,,,[17],infobelg.ru,1
infoberezovka[.]ru,infoberezovka[.]ru,,,[17],infoberezovka.ru,1
infobeslan[.]ru,infobeslan[.]ru,,,[17],infobeslan.ru,1
infobira[.]ru,infobira[.]ru,,,[17],infobira.ru,1
infoblag[.]ru,infoblag[.]ru,,,[17],infoblag.ru,1
InfoBrics,infobrics[.]org,,,[18][6],infobrics.org,1
InfoBrics,infobrics[.]ru,,,[17],infobrics.ru,1
infoburatia[.]ru,infoburatia[.]ru,,,[17],infoburatia.ru,1
infoburyatia[.]ru,infoburyatia[.]ru,,,[17],infoburyatia.ru,1
infochadan[.]ru,infochadan[.]ru,,,[17],infochadan.ru,1
infochelyabinsk[.]ru,infochelyabinsk[.]ru,,,[17],infochelyabinsk.ru,1
infochermen[.]ru,infochermen[.]ru,,,[17],infochermen.ru,1
infochukotka[.]ru,infochukotka[.]ru,,,[17],infochukotka.ru,1
infochuv[.]ru,infochuv[.]ru,,,[17],infochuv.ru,1
infochuvashia[.]ru,infochuvashia[.]ru,,,[17],infochuvashia.ru,1
infocursk[.]ru,infocursk[.]ru,,,[17],infocursk.ru,1
infodag[.]ru,infodag[.]ru,,,[17],infodag.ru,1
infodesna[.]info,infodesna[.]info,,,[17],infodesna.info,1
infodivnoe[.]ru,infodivnoe[.]ru,,,[17],infodivnoe.ru,1
infodivnogorsk[.]ru,infodivnogorsk[.]ru,,,[17],infodivnogorsk.ru,1
infodnepr[.]ru,infodnepr[.]ru,,,[17],infodnepr.ru,1
infodobryanka[.]ru,infodobryanka[.]ru,,,[17],infodobryanka.ru,1
infodonskoe[.]ru,infodonskoe[.]ru,,,[17],infodonskoe.ru,1
infodubrovka[.]ru,infodubrovka[.]ru,,,[17],infodubrovka.ru,1
infoduldurga[.]ru,infoduldurga[.]ru,,,[17],infoduldurga.ru,1
infodvina[.]ru,infodvina[.]ru,,,[17],infodvina.ru,1
infodyatkovo[.]ru,infodyatkovo[.]ru,,,[17],infodyatkovo.ru,1
infoelbrus[.]ru,infoelbrus[.]ru,,,[17],infoelbrus.ru,1
infoelburgan[.]ru,infoelburgan[.]ru,,,[17],infoelburgan.ru,1
infoelizavetinskaya[.]ru,infoelizavetinskaya[.]ru,,,[17],infoelizavetinskaya.ru,1
infoelizovo[.]ru,infoelizovo[.]ru,,,[17],infoelizovo.ru,1
infoenisey[.]ru,infoenisey[.]ru,,,[17],infoenisey.ru,1
infoglazunovka[.]ru,infoglazunovka[.]ru,,,[17],infoglazunovka.ru,1
infogornyak[.]ru,infogornyak[.]ru,,,[17],infogornyak.ru,1
infogorodovikovsk[.]ru,infogorodovikovsk[.]ru,,,[17],infogorodovikovsk.ru,1
infogukovo[.]ru,infogukovo[.]ru,,,[17],infogukovo.ru,1
infogulkevichi[.]ru,infogulkevichi[.]ru,,,[17],infogulkevichi.ru,1
infohab[.]ru,infohab[.]ru,,,[17],infohab.ru,1
infohabarovsk[.]ru,infohabarovsk[.]ru,,,[17],infohabarovsk.ru,1
infoingush[.]ru,infoingush[.]ru,,,[17],infoingush.ru,1
infoingushetia[.]ru,infoingushetia[.]ru,,,[17],infoingushetia.ru,1
infoipatovo[.]ru,infoipatovo[.]ru,,,[17],infoipatovo.ru,1
infoirkut[.]ru,infoirkut[.]ru,,,[17],infoirkut.ru,1
infoiset[.]ru,infoiset[.]ru,,,[17],infoiset.ru,1
infoistochnik[.]ru,infoistochnik[.]ru,,,[17],infoistochnik.ru,1
infoivanovo[.]ru,infoivanovo[.]ru,,,[17],infoivanovo.ru,1
infokalgan[.]ru,infokalgan[.]ru,,,[17],infokalgan.ru,1
infokalm[.]ru,infokalm[.]ru,,,[17],infokalm.ru,1
infokalmykia[.]ru,infokalmykia[.]ru,,,[17],infokalmykia.ru,1
infokaltan[.]ru,infokaltan[.]ru,,,[17],infokaltan.ru,1
infokaluga[.]ru,infokaluga[.]ru,,,[17],infokaluga.ru,1
infokama[.]ru,infokama[.]ru,,,[17],infokama.ru,1
infokamchatka[.]ru,infokamchatka[.]ru,,,[17],infokamchatka.ru,1
infokamyshin[.]ru,infokamyshin[.]ru,,,[17],infokamyshin.ru,1
infokamysin[.]ru,infokamysin[.]ru,,,[17],infokamysin.ru,1
infokaraga[.]ru,infokaraga[.]ru,,,[17],infokaraga.ru,1
infokarel[.]ru,infokarel[.]ru,,,[17],infokarel.ru,1
infokarelia[.]ru,infokarelia[.]ru,,,[17],infokarelia.ru,1
infokargasok[.]ru,infokargasok[.]ru,,,[17],infokargasok.ru,1
infokatun[.]ru,infokatun[.]ru,,,[17],infokatun.ru,1
infokb[.]ru,infokb[.]ru,,,[17],infokb.ru,1
infokemer[.]ru,infokemer[.]ru,,,[17],infokemer.ru,1
infokemerovo[.]ru,infokemerovo[.]ru,,,[17],infokemerovo.ru,1
infokg[.]ru,infokg[.]ru,,,[17],infokg.ru,1
infokirovsk[.]ru,infokirovsk[.]ru,,,[17],infokirovsk.ru,1
infokirzhach[.]ru,infokirzhach[.]ru,,,[17],infokirzhach.ru,1
infokola[.]ru,infokola[.]ru,,,[17],infokola.ru,1
infokologriv[.]ru,infokologriv[.]ru,,,[17],infokologriv.ru,1
infokomi[.]ru,infokomi[.]ru,,,[17],infokomi.ru,1
infokommunar[.]ru,infokommunar[.]ru,,,[17],infokommunar.ru,1
infokostroma[.]info,infokostroma[.]info,,,[17],infokostroma.info,1
infokrasn[.]ru,infokrasn[.]ru,,,[17],infokrasn.ru,1
infokrasnodar[.]ru,infokrasnodar[.]ru,,,[17],infokrasnodar.ru,1
infokrim[.]info,infokrim[.]info,,,[17],infokrim.info,1
infokurg[.]ru,infokurg[.]ru,,,[17],infokurg.ru,1
infokurgan[.]ru,infokurgan[.]ru,,,[17],infokurgan.ru,1
infokursavka[.]ru,infokursavka[.]ru,,,[17],infokursavka.ru,1
infokursk[.]info,infokursk[.]info,,,[17],infokursk.info,1
infokursk[.]pro,infokursk[.]pro,,,[17],infokursk.pro,1
infokurskaya[.]ru,infokurskaya[.]ru,,,[17],infokurskaya.ru,1
infokushchevskaya[.]ru,infokushchevskaya[.]ru,,,[17],infokushchevskaya.ru,1
infolena[.]ru,infolena[.]ru,,,[17],infolena.ru,1
infolipechk[.]ru,infolipechk[.]ru,,,[17],infolipechk.ru,1
infolipetsk[.]com,infolipetsk[.]com,,,[17],infolipetsk.com,1
infoliski[.]ru,infoliski[.]ru,,,[17],infoliski.ru,1
infomagad[.]ru,infomagad[.]ru,,,[17],infomagad.ru,1
infomagadan[.]ru,infomagadan[.]ru,,,[17],infomagadan.ru,1
infomaima[.]ru,infomaima[.]ru,,,[17],infomaima.ru,1
infomari[.]ru,infomari[.]ru,,,[17],infomari.ru,1
infomelenki[.]ru,infomelenki[.]ru,,,[17],infomelenki.ru,1
infomikhailovka[.]ru,infomikhailovka[.]ru,,,[17],infomikhailovka.ru,1
infominusinsk[.]ru,infominusinsk[.]ru,,,[17],infominusinsk.ru,1
infomordovia[.]ru,infomordovia[.]ru,,,[17],infomordovia.ru,1
infomosk[.]ru,infomosk[.]ru,,,[17],infomosk.ru,1
infomoskovia[.]ru,infomoskovia[.]ru,,,[17],infomoskovia.ru,1
infomurmansk[.]ru,infomurmansk[.]ru,,,[17],infomurmansk.ru,1
infoneftekumsk[.]ru,infoneftekumsk[.]ru,,,[17],infoneftekumsk.ru,1
infonen[.]ru,infonen[.]ru,,,[17],infonen.ru,1
infonerl[.]ru,infonerl[.]ru,,,[17],infonerl.ru,1
infoneva[.]ru,infoneva[.]ru,,,[17],infoneva.ru,1
infonikolskoe[.]ru,infonikolskoe[.]ru,,,[17],infonikolskoe.ru,1
infonnov[.]ru,infonnov[.]ru,,,[17],infonnov.ru,1
infonovgorod[.]ru,infonovgorod[.]ru,,,[17],infonovgorod.ru,1
infonovokubansk[.]ru,infonovokubansk[.]ru,,,[17],infonovokubansk.ru,1
infonovosib[.]ru,infonovosib[.]ru,,,[17],infonovosib.ru,1
infonovosibirsk[.]ru,infonovosibirsk[.]ru,,,[17],infonovosibirsk.ru,1
infonovousman[.]ru,infonovousman[.]ru,,,[17],infonovousman.ru,1
infonovousmansk[.]ru,infonovousmansk[.]ru,,,[17],infonovousmansk.ru,1
infonsib[.]ru,infonsib[.]ru,,,[17],infonsib.ru,1
infooka[.]ru,infooka[.]ru,,,[17],infooka.ru,1
infoolekma[.]ru,infoolekma[.]ru,,,[17],infoolekma.ru,1
infoom[.]ru,infoom[.]ru,,,[17],infoom.ru,1
infoorenburg[.]ru,infoorenburg[.]ru,,,[17],infoorenburg.ru,1
infoossora[.]ru,infoossora[.]ru,,,[17],infoossora.ru,1
infoparma[.]ru,infoparma[.]ru,,,[17],infoparma.ru,1
infopartizansk[.]ru,infopartizansk[.]ru,,,[17],infopartizansk.ru,1
infopechora[.]ru,infopechora[.]ru,,,[17],infopechora.ru,1
infopoltavskaya[.]ru,infopoltavskaya[.]ru,,,[17],infopoltavskaya.ru,1
infopraskoveya[.]ru,infopraskoveya[.]ru,,,[17],infopraskoveya.ru,1
infopriazove[.]ru,infopriazove[.]ru,,,[17],infopriazove.ru,1
infopriozersk[.]ru,infopriozersk[.]ru,,,[17],infopriozersk.ru,1
infopskov[.]ru,infopskov[.]ru,,,[17],infopskov.ru,1
infopskova[.]ru,infopskova[.]ru,,,[17],infopskova.ru,1
infopur[.]ru,infopur[.]ru,,,[17],infopur.ru,1
infopushkino[.]ru,infopushkino[.]ru,,,[17],infopushkino.ru,1
inforaychihinsk[.]ru,inforaychihinsk[.]ru,,,[17],inforaychihinsk.ru,1
inform-kurier[.]ru,inform-kurier[.]ru,,,[17],inform-kurier.ru,1
InfoRos,inforos[.]org,,,[17],inforos.org,1
InfoRos,inforos[.]ru,,,[17][18][19][20][6],inforos.ru,1
inforost[.]ru,inforost[.]ru,,,[17],inforost.ru,1
inforyaz[.]ru,inforyaz[.]ru,,,[17],inforyaz.ru,1
inforyazan[.]com,inforyazan[.]com,,,[17],inforyazan.com,1
infosahalin[.]ru,infosahalin[.]ru,,,[17],infosahalin.ru,1
infosam[.]ru,infosam[.]ru,,,[17],infosam.ru,1
infosamara[.]press,infosamara[.]press,,,[17],infosamara.press,1
infosarat[.]ru,infosarat[.]ru,,,[17],infosarat.ru,1
infosco[.]biz,infosco[.]biz,,,[17],infosco.biz,1
infosco[.]org,infosco[.]org,,,[17],infosco.org,1
infosevastopol[.]ru,infosevastopol[.]ru,,,[17],infosevastopol.ru,1
infoseveromorsk[.]ru,infoseveromorsk[.]ru,,,[17],infoseveromorsk.ru,1
infoshagonar[.]ru,infoshagonar[.]ru,,,[17],infoshagonar.ru,1
infosharya[.]ru,infosharya[.]ru,,,[17],infosharya.ru,1
infosibai[.]ru,infosibai[.]ru,,,[17],infosibai.ru,1
infosibir[.]ru,infosibir[.]ru,,,[17],infosibir.ru,1
infosimbirsk[.]ru,infosimbirsk[.]ru,,,[17],infosimbirsk.ru,1
infosobolevo[.]ru,infosobolevo[.]ru,,,[17],infosobolevo.ru,1
infosokol[.]ru,infosokol[.]ru,,,[17],infosokol.ru,1
infosolnechnyi[.]ru,infosolnechnyi[.]ru,,,[17],infosolnechnyi.ru,1
infostavr[.]ru,infostavr[.]ru,,,[17],infostavr.ru,1
infosura[.]ru,infosura[.]ru,,,[17],infosura.ru,1
infosvetogorsk[.]ru,infosvetogorsk[.]ru,,,[17],infosvetogorsk.ru,1
infotam[.]ru,infotam[.]ru,,,[17],infotam.ru,1
infotambov[.]ru,infotambov[.]ru,,,[17],infotambov.ru,1
infotatarstan[.]ru,infotatarstan[.]ru,,,[17],infotatarstan.ru,1
infotbilisskaya[.]ru,infotbilisskaya[.]ru,,,[17],infotbilisskaya.ru,1
infotemryuk[.]ru,infotemryuk[.]ru,,,[17],infotemryuk.ru,1
infoterek[.]info,infoterek[.]info,,,[17],infoterek.info,1
infoterek[.]ru,infoterek[.]ru,,,[17],infoterek.ru,1
infotigil[.]ru,infotigil[.]ru,,,[17],infotigil.ru,1
infotilichiki[.]ru,infotilichiki[.]ru,,,[17],infotilichiki.ru,1
infotom[.]ru,infotom[.]ru,,,[17],infotom.ru,1
infotosno[.]ru,infotosno[.]ru,,,[17],infotosno.ru,1
infotsiolkovskiy[.]ru,infotsiolkovskiy[.]ru,,,[17],infotsiolkovskiy.ru,1
infotul[.]ru,infotul[.]ru,,,[17],infotul.ru,1
infotula[.]com,infotula[.]com,,,[17],infotula.com,1
infotumen[.]ru,infotumen[.]ru,,,[17],infotumen.ru,1
infoturan[.]ru,infoturan[.]ru,,,[17],infoturan.ru,1
infotuva[.]ru,infotuva[.]ru,,,[17],infotuva.ru,1
infotver[.]ru,infotver[.]ru,,,[17],infotver.ru,1
infotvers[.]ru,infotvers[.]ru,,,[17],infotvers.ru,1
infotynda[.]ru,infotynda[.]ru,,,[17],infotynda.ru,1
infoudachniy[.]ru,infoudachniy[.]ru,,,[17],infoudachniy.ru,1
infoudm[.]ru,infoudm[.]ru,,,[17],infoudm.ru,1
infoudmurtia[.]ru,infoudmurtia[.]ru,,,[17],infoudmurtia.ru,1
infoulyanovsk[.]ru,infoulyanovsk[.]ru,,,[17],infoulyanovsk.ru,1
infouraltau[.]ru,infouraltau[.]ru,,,[17],infouraltau.ru,1
infovladimiria[.]ru,infovladimiria[.]ru,,,[17],infovladimiria.ru,1
infovolg[.]ru,infovolg[.]ru,,,[17],infovolg.ru,1
infovolga[.]com,infovolga[.]com,,,[17],infovolga.com,1
infovolhov[.]ru,infovolhov[.]ru,,,[17],infovolhov.ru,1
infovolog[.]ru,infovolog[.]ru,,,[17],infovolog.ru,1
infovologda[.]ru,infovologda[.]ru,,,[17],infovologda.ru,1
infovoroneg[.]ru,infovoroneg[.]ru,,,[17],infovoroneg.ru,1
infovoronezh[.]com,infovoronezh[.]com,,,[17],infovoronezh.com,1
infovostok[.]ru,infovostok[.]ru,,,[17],infovostok.ru,1
infovulkan[.]ru,infovulkan[.]ru,,,[17],infovulkan.ru,1
infovyatka[.]ru,infovyatka[.]ru,,,[17],infovyatka.ru,1
infovyksa[.]ru,infovyksa[.]ru,,,[17],infovyksa.ru,1
infoya[.]ru,infoya[.]ru,,,[17],infoya.ru,1
infoyakutia[.]ru,infoyakutia[.]ru,,,[17],infoyakutia.ru,1
infoyamal[.]ru,infoyamal[.]ru,,,[17],infoyamal.ru,1
infoyanaul[.]ru,infoyanaul[.]ru,,,[17],infoyanaul.ru,1
infoygra[.]ru,infoygra[.]ru,,,[17],infoygra.ru,1
infoyug[.]ru,infoyug[.]ru,,,[17],infoyug.ru,1
infoyugra[.]ru,infoyugra[.]ru,,,[17],infoyugra.ru,1
infozelenokumsk[.]ru,infozelenokumsk[.]ru,,,[17],infozelenokumsk.ru,1
infozeya[.]ru,infozeya[.]ru,,,[17],infozeya.ru,1
infozverevo[.]ru,infozverevo[.]ru,,,[17],infozverevo.ru,1
ingush-meridian[.]ru,ingush-meridian[.]ru,,,[17],ingush-meridian.ru,1
initsiativakrim[.]ru,initsiativakrim[.]ru,,,[17],initsiativakrim.ru,1
irafi[.]ru,irafi[.]ru,,,[17],irafi.ru,1
irbeiskoe-vremya[.]ru,irbeiskoe-vremya[.]ru,,,[17],irbeiskoe-vremya.ru,1
isetskaya-pravda[.]ru,isetskaya-pravda[.]ru,,,[17],isetskaya-pravda.ru,1
isetski-efir[.]ru,isetski-efir[.]ru,,,[17],isetski-efir.ru,1
iskra-et[.]ru,iskra-et[.]ru,,,[17],iskra-et.ru,1
iskra-j[.]ru,iskra-j[.]ru,,,[17],iskra-j.ru,1
iskra-vihorevki[.]ru,iskra-vihorevki[.]ru,,,[17],iskra-vihorevki.ru,1
istoki-p[.]ru,istoki-p[.]ru,,,[17],istoki-p.ru,1
iv-gazeta[.]ru,iv-gazeta[.]ru,,,[17],iv-gazeta.ru,1
ivanovskie-rassvety[.]ru,ivanovskie-rassvety[.]ru,,,[17],ivanovskie-rassvety.ru,1
ivanovskie-rodniki[.]ru,ivanovskie-rodniki[.]ru,,,[17],ivanovskie-rodniki.ru,1
izvor-bg[.]ru,izvor-bg[.]ru,,,[17],izvor-bg.ru,1
jatay[.]ru,jatay[.]ru,,,[17],jatay.ru,1
jenbur[.]ru,jenbur[.]ru,,,[17],jenbur.ru,1
k-sorm[.]ru,k-sorm[.]ru,,,[17],k-sorm.ru,1
ka-izvestia[.]ru,ka-izvestia[.]ru,,,[17],ka-izvestia.ru,1
kaa-khem[.]press,kaa-khem[.]press,,,[17],kaa-khem.press,1
kabansk-d[.]ru,kabansk-d[.]ru,,,[17],kabansk-d.ru,1
kalach-inform[.]ru,kalach-inform[.]ru,,,[17],kalach-inform.ru,1
kalach-izvestia[.]ru,kalach-izvestia[.]ru,,,[17],kalach-izvestia.ru,1
kaleidoskop-pavlovo[.]ru,kaleidoskop-pavlovo[.]ru,,,[17],kaleidoskop-pavlovo.ru,1
kalevalskaya-gornitsa[.]ru,kalevalskaya-gornitsa[.]ru,,,[17],kalevalskaya-gornitsa.ru,1
kamenskie-sobytia[.]ru,kamenskie-sobytia[.]ru,,,[17],kamenskie-sobytia.ru,1
kamyshlin[.]ru,kamyshlin[.]ru,,,[17],kamyshlin.ru,1
kamyzyak-rodnik[.]ru,kamyzyak-rodnik[.]ru,,,[17],kamyzyak-rodnik.ru,1
kan-kanev[.]ru,kan-kanev[.]ru,,,[17],kan-kanev.ru,1
kanevskaya-nedelya[.]ru,kanevskaya-nedelya[.]ru,,,[17],kanevskaya-nedelya.ru,1
karabashrab[.]ru,karabashrab[.]ru,,,[17],karabashrab.ru,1
karabulak-sovet[.]ru,karabulak-sovet[.]ru,,,[17],karabulak-sovet.ru,1
karaga-raion[.]ru,karaga-raion[.]ru,,,[17],karaga-raion.ru,1
karagasok[.]ru,karagasok[.]ru,,,[17],karagasok.ru,1
karavest[.]ru,karavest[.]ru,,,[17],karavest.ru,1
karel-news[.]ru,karel-news[.]ru,,,[17],karel-news.ru,1
kargasok-gazeta[.]ru,kargasok-gazeta[.]ru,,,[17],kargasok-gazeta.ru,1
karpinrab[.]ru,karpinrab[.]ru,,,[17],karpinrab.ru,1
kasimov-panorama[.]ru,kasimov-panorama[.]ru,,,[17],kasimov-panorama.ru,1
kasimovskaya-panorama[.]ru,kasimovskaya-panorama[.]ru,,,[17],kasimovskaya-panorama.ru,1
kaspinews[.]ru,kaspinews[.]ru,,,[17],kaspinews.ru,1
kaspiyskie-stranitsi[.]ru,kaspiyskie-stranitsi[.]ru,,,[17],kaspiyskie-stranitsi.ru,1
kaspnews[.]ru,kaspnews[.]ru,,,[17],kaspnews.ru,1
kataiski-gorozhanin[.]ru,kataiski-gorozhanin[.]ru,,,[17],kataiski-gorozhanin.ru,1
katar-yurt[.]ru,katar-yurt[.]ru,,,[17],katar-yurt.ru,1
kavkaz-meridian[.]ru,kavkaz-meridian[.]ru,,,[17],kavkaz-meridian.ru,1
kazachia-buhta[.]ru,kazachia-buhta[.]ru,,,[17],kazachia-buhta.ru,1
kazanskoe-dzd[.]ru,kazanskoe-dzd[.]ru,,,[17],kazanskoe-dzd.ru,1
kerch-rb[.]ru,kerch-rb[.]ru,,,[17],kerch-rb.ru,1
khadyzhensk-pravda[.]ru,khadyzhensk-pravda[.]ru,,,[17],khadyzhensk-pravda.ru,1
khasynsky[.]ru,khasynsky[.]ru,,,[17],khasynsky.ru,1
khtvesti[.]ru,khtvesti[.]ru,,,[17],khtvesti.ru,1
kimry-region[.]ru,kimry-region[.]ru,,,[17],kimry-region.ru,1
kineshma-pravda[.]ru,kineshma-pravda[.]ru,,,[17],kineshma-pravda.ru,1
kingisepp-day[.]ru,kingisepp-day[.]ru,,,[17],kingisepp-day.ru,1
kirovest[.]ru,kirovest[.]ru,,,[17],kirovest.ru,1
kirovsk-gazeta[.]ru,kirovsk-gazeta[.]ru,,,[17],kirovsk-gazeta.ru,1
kislovodskaya-pravda[.]ru,kislovodskaya-pravda[.]ru,,,[17],kislovodskaya-pravda.ru,1
kitay-gorod[.]ru,kitay-gorod[.]ru,,,[17],kitay-gorod.ru,1
kizlyar-izvestia[.]ru,kizlyar-izvestia[.]ru,,,[17],kizlyar-izvestia.ru,1
kizlyar-vesti[.]ru,kizlyar-vesti[.]ru,,,[17],kizlyar-vesti.ru,1
kizlyarskie-izvestia[.]ru,kizlyarskie-izvestia[.]ru,,,[17],kizlyarskie-izvestia.ru,1
klimvestnik[.]ru,klimvestnik[.]ru,,,[17],klimvestnik.ru,1
klin-novosti[.]ru,klin-novosti[.]ru,,,[17],klin-novosti.ru,1
kochenevo-gazeta[.]ru,kochenevo-gazeta[.]ru,,,[17],kochenevo-gazeta.ru,1
kodinskie-vesty[.]ru,kodinskie-vesty[.]ru,,,[17],kodinskie-vesty.ru,1
kogalym-rb[.]ru,kogalym-rb[.]ru,,,[17],kogalym-rb.ru,1
kola-bay[.]ru,kola-bay[.]ru,,,[17],kola-bay.ru,1
kolomnal[.]ru,kolomnal[.]ru,,,[17],kolomnal.ru,1
kolym-pravda[.]ru,kolym-pravda[.]ru,,,[17],kolym-pravda.ru,1
komarichi-kray[.]ru,komarichi-kray[.]ru,,,[17],komarichi-kray.ru,1
kompas-gubkina[.]ru,kompas-gubkina[.]ru,,,[17],kompas-gubkina.ru,1
kompass-bui[.]ru,kompass-bui[.]ru,,,[17],kompass-bui.ru,1
komsomol-news[.]ru,komsomol-news[.]ru,,,[17],komsomol-news.ru,1
komvolna[.]ru,komvolna[.]ru,,,[17],komvolna.ru,1
kondopoj[.]ru,kondopoj[.]ru,,,[17],kondopoj.ru,1
kondrovskie-budni[.]ru,kondrovskie-budni[.]ru,,,[17],kondrovskie-budni.ru,1
konstantinovsk-today[.]ru,konstantinovsk-today[.]ru,,,[17],konstantinovsk-today.ru,1
kontakt-sayansk[.]ru,kontakt-sayansk[.]ru,,,[17],kontakt-sayansk.ru,1
korabel-sv[.]ru,korabel-sv[.]ru,,,[17],korabel-sv.ru,1
korablino-gazeta[.]ru,korablino-gazeta[.]ru,,,[17],korablino-gazeta.ru,1
korenovskaya-nov[.]ru,korenovskaya-nov[.]ru,,,[17],korenovskaya-nov.ru,1
korolyov-news[.]ru,korolyov-news[.]ru,,,[17],korolyov-news.ru,1
kosh-agach[.]com,kosh-agach[.]com,,,[17],kosh-agach.com,1
koshekhabl[.]ru,koshekhabl[.]ru,,,[17],koshekhabl.ru,1
kotovestnik[.]ru,kotovestnik[.]ru,,,[17],kotovestnik.ru,1
kovrovgazeta[.]ru,kovrovgazeta[.]ru,,,[17],kovrovgazeta.ru,1
kozelsky-telegraf[.]ru,kozelsky-telegraf[.]ru,,,[17],kozelsky-telegraf.ru,1
kozhkrai[.]ru,kozhkrai[.]ru,,,[17],kozhkrai.ru,1
kozulsk-gazeta[.]ru,kozulsk-gazeta[.]ru,,,[17],kozulsk-gazeta.ru,1
kras-okt[.]ru,kras-okt[.]ru,,,[17],kras-okt.ru,1
krasnoe-znamya[.]info,krasnoe-znamya[.]info,,,[17],krasnoe-znamya.info,1
krasnoozerskoe[.]ru,krasnoozerskoe[.]ru,,,[17],krasnoozerskoe.ru,1
krasnoper[.]ru,krasnoper[.]ru,,,[17],krasnoper.ru,1
krasnoznamensk-plus[.]ru,krasnoznamensk-plus[.]ru,,,[17],krasnoznamensk-plus.ru,1
krasnoznamya[.]ru,krasnoznamya[.]ru,,,[17],krasnoznamya.ru,1
kremenki-inform[.]ru,kremenki-inform[.]ru,,,[17],kremenki-inform.ru,1
krestetski-raion[.]ru,krestetski-raion[.]ru,,,[17],krestetski-raion.ru,1
krim-gazeta[.]ru,krim-gazeta[.]ru,,,[17],krim-gazeta.ru,1
krimkuray[.]ru,krimkuray[.]ru,,,[17],krimkuray.ru,1
kromskie-rodniki[.]ru,kromskie-rodniki[.]ru,,,[17],kromskie-rodniki.ru,1
krovstroy[.]ru,krovstroy[.]ru,,,[17],krovstroy.ru,1
krymsk-krasnodar[.]ru,krymsk-krasnodar[.]ru,,,[17],krymsk-krasnodar.ru,1
kshensky-vestnik[.]ru,kshensky-vestnik[.]ru,,,[17],kshensky-vestnik.ru,1
kstovo-budni[.]ru,kstovo-budni[.]ru,,,[17],kstovo-budni.ru,1
kstovskie-budni[.]ru,kstovskie-budni[.]ru,,,[17],kstovskie-budni.ru,1
ktmu[.]ru,ktmu[.]ru,,,[17],ktmu.ru,1
ku-metallurg[.]ru,ku-metallurg[.]ru,,,[17],ku-metallurg.ru,1
kubanskie-volny[.]ru,kubanskie-volny[.]ru,,,[17],kubanskie-volny.ru,1
kudymkar-vedomosti[.]ru,kudymkar-vedomosti[.]ru,,,[17],kudymkar-vedomosti.ru,1
kulebaki[.]press,kulebaki[.]press,,,[17],kulebaki.press,1
kungurgazeta[.]ru,kungurgazeta[.]ru,,,[17],kungurgazeta.ru,1
kupino-gazeta[.]ru,kupino-gazeta[.]ru,,,[17],kupino-gazeta.ru,1
kurchaloi[.]ru,kurchaloi[.]ru,,,[17],kurchaloi.ru,1
kurtamish[.]ru,kurtamish[.]ru,,,[17],kurtamish.ru,1
kyahta-gazeta[.]ru,kyahta-gazeta[.]ru,,,[17],kyahta-gazeta.ru,1
l-baikal[.]ru,l-baikal[.]ru,,,[17],l-baikal.ru,1
labinskie-berega[.]ru,labinskie-berega[.]ru,,,[17],labinskie-berega.ru,1
ladoga-krai[.]ru,ladoga-krai[.]ru,,,[17],ladoga-krai.ru,1
ladozhski-krai[.]ru,ladozhski-krai[.]ru,,,[17],ladozhski-krai.ru,1
lebedyanskaya[.]ru,lebedyanskaya[.]ru,,,[17],lebedyanskaya.ru,1
lensklife[.]ru,lensklife[.]ru,,,[17],lensklife.ru,1
lensky-nasleg[.]ru,lensky-nasleg[.]ru,,,[17],lensky-nasleg.ru,1
lesken-gazeta[.]ru,lesken-gazeta[.]ru,,,[17],lesken-gazeta.ru,1
lesosibirsk-vesti[.]ru,lesosibirsk-vesti[.]ru,,,[17],lesosibirsk-vesti.ru,1
lesozavodsk-time[.]ru,lesozavodsk-time[.]ru,,,[17],lesozavodsk-time.ru,1
lestnicagzt[.]ru,lestnicagzt[.]ru,,,[17],lestnicagzt.ru,1
levokumsk[.]ru,levokumsk[.]ru,,,[17],levokumsk.ru,1
levozerovo[.]ru,levozerovo[.]ru,,,[17],levozerovo.ru,1
lgovsky-vestnik[.]ru,lgovsky-vestnik[.]ru,,,[17],lgovsky-vestnik.ru,1
life-kch[.]ru,life-kch[.]ru,,,[17],life-kch.ru,1
limanvestnik[.]ru,limanvestnik[.]ru,,,[17],limanvestnik.ru,1
liski-gorod[.]ru,liski-gorod[.]ru,,,[17],liski-gorod.ru,1
listok-ga[.]ru,listok-ga[.]ru,,,[17],listok-ga.ru,1
livny-na-ladoni[.]ru,livny-na-ladoni[.]ru,,,[17],livny-na-ladoni.ru,1
lk-anons[.]ru,lk-anons[.]ru,,,[17],lk-anons.ru,1
lobnya-pravda[.]ru,lobnya-pravda[.]ru,,,[17],lobnya-pravda.ru,1
louhi24[.]ru,louhi24[.]ru,,,[17],louhi24.ru,1
lovozero-vzglyad[.]ru,lovozero-vzglyad[.]ru,,,[17],lovozero-vzglyad.ru,1
ludprol[.]ru,ludprol[.]ru,,,[17],ludprol.ru,1
lyubitino-news[.]ru,lyubitino-news[.]ru,,,[17],lyubitino-news.ru,1
lyudinka[.]ru,lyudinka[.]ru,,,[17],lyudinka.ru,1
lyudinovski-proletari[.]ru,lyudinovski-proletari[.]ru,,,[17],lyudinovski-proletari.ru,1
m-gazeta[.]info,m-gazeta[.]info,,,[17],m-gazeta.info,1
m-ingushetiya[.]ru,m-ingushetiya[.]ru,,,[17],m-ingushetiya.ru,1
magdagachi-press[.]ru,magdagachi-press[.]ru,,,[17],magdagachi-press.ru,1
magnievik[.]ru,magnievik[.]ru,,,[17],magnievik.ru,1
mairtup-zemledelets[.]ru,mairtup-zemledelets[.]ru,,,[17],mairtup-zemledelets.ru,1
mairtup[.]info,mairtup[.]info,,,[17],mairtup.info,1
malaya-purga[.]ru,malaya-purga[.]ru,,,[17],malaya-purga.ru,1
malderbety[.]ru,malderbety[.]ru,,,[17],malderbety.ru,1
malovisherskaya-pravda[.]ru,malovisherskaya-pravda[.]ru,,,[17],malovisherskaya-pravda.ru,1
maloyar-izvestiya[.]ru,maloyar-izvestiya[.]ru,,,[17],maloyar-izvestiya.ru,1
maloyaroslavets-izvestia[.]ru,maloyaroslavets-izvestia[.]ru,,,[17],maloyaroslavets-izvestia.ru,1
mamonovskie-vesti[.]ru,mamonovskie-vesti[.]ru,,,[17],mamonovskie-vesti.ru,1
manych-press[.]ru,manych-press[.]ru,,,[17],manych-press.ru,1
mariinsk-gorod[.]ru,mariinsk-gorod[.]ru,,,[17],mariinsk-gorod.ru,1
maximum-kor[.]ru,maximum-kor[.]ru,,,[17],maximum-kor.ru,1
ak-kr[.]ru,ak-kr[.]ru,,,[17],ak-kr.ru,1
ak-sp[.]ru,ak-sp[.]ru,,,[17],ak-sp.ru,1
ak-spassk[.]ru,ak-spassk[.]ru,,,[17],ak-spassk.ru,1
ak57[.]ru,ak57[.]ru,,,[17],ak57.ru,1
akarc[.]ru,akarc[.]ru,,,[17],akarc.ru,1
news[.]ru,news[.]ru,,,[17],news.ru,1
mcensky[.]ru,mcensky[.]ru,,,[17],mcensky.ru,1
mdgazet[.]ru,mdgazet[.]ru,,,[17],mdgazet.ru,1
medvenka[.]ru,medvenka[.]ru,,,[17],medvenka.ru,1
mejdure4e[.]ru,mejdure4e[.]ru,,,[17],mejdure4e.ru,1
meleuzka[.]info,meleuzka[.]info,,,[17],meleuzka.info,1
mercurius11[.]ru,mercurius11[.]ru,,,[17],mercurius11.ru,1
mestnaya-vlast[.]ru,mestnaya-vlast[.]ru,,,[17],mestnaya-vlast.ru,1
mezhveter[.]ru,mezhveter[.]ru,,,[17],mezhveter.ru,1
mglinsky-golos[.]ru,mglinsky-golos[.]ru,,,[17],mglinsky-golos.ru,1
mih-vestnik[.]ru,mih-vestnik[.]ru,,,[17],mih-vestnik.ru,1
mihailov-glavnoe[.]ru,mihailov-glavnoe[.]ru,,,[17],mihailov-glavnoe.ru,1
mikhailovskoe-vremya[.]ru,mikhailovskoe-vremya[.]ru,,,[17],mikhailovskoe-vremya.ru,1
mikhajlovskoe[.]ru,mikhajlovskoe[.]ru,,,[17],mikhajlovskoe.ru,1
milkovo-vesti[.]ru,milkovo-vesti[.]ru,,,[17],milkovo-vesti.ru,1
milkovskie-vesti[.]ru,milkovskie-vesti[.]ru,,,[17],milkovskie-vesti.ru,1
minusinsk-today[.]ru,minusinsk-today[.]ru,,,[17],minusinsk-today.ru,1
minvody-time[.]ru,minvody-time[.]ru,,,[17],minvody-time.ru,1
mir-baikala[.]ru,mir-baikala[.]ru,,,[17],mir-baikala.ru,1
mirnoe-slovo[.]ru,mirnoe-slovo[.]ru,,,[17],mirnoe-slovo.ru,1
moi-belorechensk[.]ru,moi-belorechensk[.]ru,,,[17],moi-belorechensk.ru,1
moi-monchegorsk[.]ru,moi-monchegorsk[.]ru,,,[17],moi-monchegorsk.ru,1
moi-polyarny[.]ru,moi-polyarny[.]ru,,,[17],moi-polyarny.ru,1
molingushetia[.]ru,molingushetia[.]ru,,,[17],molingushetia.ru,1
molodbur[.]ru,molodbur[.]ru,,,[17],molodbur.ru,1
molodost-mozhgi[.]ru,molodost-mozhgi[.]ru,,,[17],molodost-mozhgi.ru,1
molodostsibiri[.]ru,molodostsibiri[.]ru,,,[17],molodostsibiri.ru,1
morozovskii[.]ru,morozovskii[.]ru,,,[17],morozovskii.ru,1
mosalskgazeta[.]ru,mosalskgazeta[.]ru,,,[17],mosalskgazeta.ru,1
moshkovo-horizon[.]ru,moshkovo-horizon[.]ru,,,[17],moshkovo-horizon.ru,1
moskva-reka[.]info,moskva-reka[.]info,,,[17],moskva-reka.info,1
moskvapetushki[.]ru,moskvapetushki[.]ru,,,[17],moskvapetushki.ru,1
moy-bataisk[.]ru,moy-bataisk[.]ru,,,[17],moy-bataisk.ru,1
moya-shatura[.]ru,moya-shatura[.]ru,,,[17],moya-shatura.ru,1
muezerskles[.]ru,muezerskles[.]ru,,,[17],muezerskles.ru,1
muhoshibir[.]ru,muhoshibir[.]ru,,,[17],muhoshibir.ru,1
muravlenko-sn[.]ru,muravlenko-sn[.]ru,,,[17],muravlenko-sn.ru,1
murmash[.]ru,murmash[.]ru,,,[17],murmash.ru,1
muromregion[.]ru,muromregion[.]ru,,,[17],muromregion.ru,1
my-nahodka[.]ru,my-nahodka[.]ru,,,[17],my-nahodka.ru,1
n-ingash[.]ru,n-ingash[.]ru,,,[17],n-ingash.ru,1
n-sever[.]ru,n-sever[.]ru,,,[17],n-sever.ru,1
n-vestnik[.]ru,n-vestnik[.]ru,,,[17],n-vestnik.ru,1
n-vologda[.]ru,n-vologda[.]ru,,,[17],n-vologda.ru,1
n-vremya[.]ru,n-vremya[.]ru,,,[17],n-vremya.ru,1
n-vse[.]ru,n-vse[.]ru,,,[17],n-vse.ru,1
na-vodakh[.]ru,na-vodakh[.]ru,,,[17],na-vodakh.ru,1
nadezhda-vichuzhan[.]ru,nadezhda-vichuzhan[.]ru,,,[17],nadezhda-vichuzhan.ru,1
nar-gazeta[.]ru,nar-gazeta[.]ru,,,[17],nar-gazeta.ru,1
narkom-ru[.]ru,narkom-ru[.]ru,,,[17],narkom-ru.ru,1
naryshkino-news[.]ru,naryshkino-news[.]ru,,,[17],naryshkino-news.ru,1
nash-kolos[.]ru,nash-kolos[.]ru,,,[17],nash-kolos.ru,1
nash-kurchatov[.]ru,nash-kurchatov[.]ru,,,[17],nash-kurchatov.ru,1
nash-nevelsk[.]ru,nash-nevelsk[.]ru,,,[17],nash-nevelsk.ru,1
nash-polevskoy[.]ru,nash-polevskoy[.]ru,,,[17],nash-polevskoy.ru,1
nash-ryazhsk[.]ru,nash-ryazhsk[.]ru,,,[17],nash-ryazhsk.ru,1
nash-susuman[.]ru,nash-susuman[.]ru,,,[17],nash-susuman.ru,1
nasha-alushta[.]ru,nasha-alushta[.]ru,,,[17],nasha-alushta.ru,1
nasha-gazeta[.]ru,nasha-gazeta[.]ru,,,[17],nasha-gazeta.ru,1
nashanadejda[.]ru,nashanadejda[.]ru,,,[17],nashanadejda.ru,1
nashanavlya[.]ru,nashanavlya[.]ru,,,[17],nashanavlya.ru,1
nashazhizn-gvardeisk[.]ru,nashazhizn-gvardeisk[.]ru,,,[17],nashazhizn-gvardeisk.ru,1
nashe-verhovie[.]ru,nashe-verhovie[.]ru,,,[17],nashe-verhovie.ru,1
nashesadovoe[.]ru,nashesadovoe[.]ru,,,[17],nashesadovoe.ru,1
nashsosnovoborsk[.]ru,nashsosnovoborsk[.]ru,,,[17],nashsosnovoborsk.ru,1
nastroenie-74[.]ru,nastroenie-74[.]ru,,,[17],nastroenie-74.ru,1
nastroenie-ch[.]ru,nastroenie-ch[.]ru,,,[17],nastroenie-ch.ru,1
naukograd-reutov[.]ru,naukograd-reutov[.]ru,,,[17],naukograd-reutov.ru,1
navolne-gazeta[.]ru,navolne-gazeta[.]ru,,,[17],navolne-gazeta.ru,1
nazarovoonline[.]ru,nazarovoonline[.]ru,,,[17],nazarovoonline.ru,1
nd-gazeta[.]ru,nd-gazeta[.]ru,,,[17],nd-gazeta.ru,1
nekrasov-slovo[.]ru,nekrasov-slovo[.]ru,,,[17],nekrasov-slovo.ru,1
nemanskie-vesti[.]ru,nemanskie-vesti[.]ru,,,[17],nemanskie-vesti.ru,1
nerekht-vecherka[.]ru,nerekht-vecherka[.]ru,,,[17],nerekht-vecherka.ru,1
netterroru[.]ru,netterroru[.]ru,,,[17],netterroru.ru,1
nevelife[.]ru,nevelife[.]ru,,,[17],nevelife.ru,1
new-dagestan[.]ru,new-dagestan[.]ru,,,[17],new-dagestan.ru,1
new-kandalaksha[.]ru,new-kandalaksha[.]ru,,,[17],new-kandalaksha.ru,1
nf-vestnik[.]ru,nf-vestnik[.]ru,,,[17],nf-vestnik.ru,1
ng-gazeta[.]ru,ng-gazeta[.]ru,,,[17],ng-gazeta.ru,1
nikvedomosti[.]ru,nikvedomosti[.]ru,,,[17],nikvedomosti.ru,1
nivagazeta[.]ru,nivagazeta[.]ru,,,[17],nivagazeta.ru,1
nizhneudinsk-vestnik[.]ru,nizhneudinsk-vestnik[.]ru,,,[17],nizhneudinsk-vestnik.ru,1
nj-orel[.]ru,nj-orel[.]ru,,,[17],nj-orel.ru,1
nk-vesti[.]ru,nk-vesti[.]ru,,,[17],nk-vesti.ru,1
nogaydav[.]ru,nogaydav[.]ru,,,[17],nogaydav.ru,1
noginskie-vedomosti[.]ru,noginskie-vedomosti[.]ru,,,[17],noginskie-vedomosti.ru,1
nogir-nedelya[.]ru,nogir-nedelya[.]ru,,,[17],nogir-nedelya.ru,1
norilsk-vecherka[.]ru,norilsk-vecherka[.]ru,,,[17],norilsk-vecherka.ru,1
nov-pitkaranta[.]ru,nov-pitkaranta[.]ru,,,[17],nov-pitkaranta.ru,1
novayagazeta-glazov[.]ru,novayagazeta-glazov[.]ru,,,[17],novayagazeta-glazov.ru,1
novi-den[.]info,novi-den[.]info,,,[17],novi-den.info,1
novi-urengoy[.]ru,novi-urengoy[.]ru,,,[17],novi-urengoy.ru,1
novivzglyad-kirov[.]ru,novivzglyad-kirov[.]ru,,,[17],novivzglyad-kirov.ru,1
noviyvzglyad-kirov[.]ru,noviyvzglyad-kirov[.]ru,,,[17],noviyvzglyad-kirov.ru,1
novjizn[.]ru,novjizn[.]ru,,,[17],novjizn.ru,1
novoaleksandrovsky[.]ru,novoaleksandrovsky[.]ru,,,[17],novoaleksandrovsky.ru,1
novoalt-pravda[.]ru,novoalt-pravda[.]ru,,,[17],novoalt-pravda.ru,1
novocherkassk-week[.]ru,novocherkassk-week[.]ru,,,[17],novocherkassk-week.ru,1
novohopersk-zori[.]ru,novohopersk-zori[.]ru,,,[17],novohopersk-zori.ru,1
novokubansk-news[.]ru,novokubansk-news[.]ru,,,[17],novokubansk-news.ru,1
novokuznetsk-press[.]ru,novokuznetsk-press[.]ru,,,[17],novokuznetsk-press.ru,1
novopravda[.]ru,novopravda[.]ru,,,[17],novopravda.ru,1
novoselitskoe[.]info,novoselitskoe[.]info,,,[17],novoselitskoe.info,1
novosti-ikryanogo[.]ru,novosti-ikryanogo[.]ru,,,[17],novosti-ikryanogo.ru,1
novosti-kohmi[.]ru,novosti-kohmi[.]ru,,,[17],novosti-kohmi.ru,1
novosti-uezda[.]ru,novosti-uezda[.]ru,,,[17],novosti-uezda.ru,1
novosti-zav[.]ru,novosti-zav[.]ru,,,[17],novosti-zav.ru,1
novotitarovskaya[.]ru,novotitarovskaya[.]ru,,,[17],novotitarovskaya.ru,1
novouralskaya-gazeta[.]ru,novouralskaya-gazeta[.]ru,,,[17],novouralskaya-gazeta.ru,1
novousman[.]ru,novousman[.]ru,,,[17],novousman.ru,1
novovremya[.]ru,novovremya[.]ru,,,[17],novovremya.ru,1
novozybkov-vesti[.]ru,novozybkov-vesti[.]ru,,,[17],novozybkov-vesti.ru,1
novtikhvin[.]ru,novtikhvin[.]ru,,,[17],novtikhvin.ru,1
novutpo[.]ru,novutpo[.]ru,,,[17],novutpo.ru,1
novzjizn[.]ru,novzjizn[.]ru,,,[17],novzjizn.ru,1
noyabrsk-gazeta[.]ru,noyabrsk-gazeta[.]ru,,,[17],noyabrsk-gazeta.ru,1
nr-odincovo[.]ru,nr-odincovo[.]ru,,,[17],nr-odincovo.ru,1
nsk-gazeta[.]ru,nsk-gazeta[.]ru,,,[17],nsk-gazeta.ru,1
ntavda[.]ru,ntavda[.]ru,,,[17],ntavda.ru,1
nv-vestnik[.]ru,nv-vestnik[.]ru,,,[17],nv-vestnik.ru,1
nyagan-info[.]ru,nyagan-info[.]ru,,,[17],nyagan-info.ru,1
nzhizn[.]ru,nzhizn[.]ru,,,[17],nzhizn.ru,1
nzjizn[.]ru,nzjizn[.]ru,,,[17],nzjizn.ru,1
ob-gazeta[.]ru,ob-gazeta[.]ru,,,[17],ob-gazeta.ru,1
obbereg[.]ru,obbereg[.]ru,,,[17],obbereg.ru,1
oboyangorod[.]ru,oboyangorod[.]ru,,,[17],oboyangorod.ru,1
obraz-asino[.]ru,obraz-asino[.]ru,,,[17],obraz-asino.ru,1
ogni-belorechenska[.]ru,ogni-belorechenska[.]ru,,,[17],ogni-belorechenska.ru,1
ogni-slantsy[.]ru,ogni-slantsy[.]ru,,,[17],ogni-slantsy.ru,1
ognigorod[.]ru,ognigorod[.]ru,,,[17],ognigorod.ru,1
ohapress[.]ru,ohapress[.]ru,,,[17],ohapress.ru,1
ohotsk-pravda[.]ru,ohotsk-pravda[.]ru,,,[17],ohotsk-pravda.ru,1
okno-ch[.]ru,okno-ch[.]ru,,,[17],okno-ch.ru,1
okno-sn[.]ru,okno-sn[.]ru,,,[17],okno-sn.ru,1
okno-uzhura[.]ru,okno-uzhura[.]ru,,,[17],okno-uzhura.ru,1
okt-iskra[.]ru,okt-iskra[.]ru,,,[17],okt-iskra.ru,1
oktday[.]ru,oktday[.]ru,,,[17],oktday.ru,1
oktiskra74[.]ru,oktiskra74[.]ru,,,[17],oktiskra74.ru,1
okttime[.]ru,okttime[.]ru,,,[17],okttime.ru,1
oktznamya[.]ru,oktznamya[.]ru,,,[17],oktznamya.ru,1
olenegorsk-city[.]ru,olenegorsk-city[.]ru,,,[17],olenegorsk-city.ru,1
olonets-sosed[.]ru,olonets-sosed[.]ru,,,[17],olonets-sosed.ru,1
olsky-vestnik[.]ru,olsky-vestnik[.]ru,,,[17],olsky-vestnik.ru,1
olyutor-novosti[.]ru,olyutor-novosti[.]ru,,,[17],olyutor-novosti.ru,1
omegatrade[.]ru,omegatrade[.]ru,,,[17],omegatrade.ru,1
omutninsk-vedomosti[.]ru,omutninsk-vedomosti[.]ru,,,[17],omutninsk-vedomosti.ru,1
ooo-remontnik[.]ru,ooo-remontnik[.]ru,,,[17],ooo-remontnik.ru,1
opochka-vestnik[.]ru,opochka-vestnik[.]ru,,,[17],opochka-vestnik.ru,1
orichi-inform[.]ru,orichi-inform[.]ru,,,[17],orichi-inform.ru,1
osinniki-favorit[.]ru,osinniki-favorit[.]ru,,,[17],osinniki-favorit.ru,1
oskolzori[.]ru,oskolzori[.]ru,,,[17],oskolzori.ru,1
ostrogozhtsi[.]ru,ostrogozhtsi[.]ru,,,[17],ostrogozhtsi.ru,1
osuzdal[.]ru,osuzdal[.]ru,,,[17],osuzdal.ru,1
osvod-crimea[.]ru,osvod-crimea[.]ru,,,[17],osvod-crimea.ru,1
otkritaya-linia[.]ru,otkritaya-linia[.]ru,,,[17],otkritaya-linia.ru,1
otkrytaya-linia[.]ru,otkrytaya-linia[.]ru,,,[17],otkrytaya-linia.ru,1
otradnaya-gazeta[.]ru,otradnaya-gazeta[.]ru,,,[17],otradnaya-gazeta.ru,1
otradnaya-info[.]ru,otradnaya-info[.]ru,,,[17],otradnaya-info.ru,1
palana-news[.]ru,palana-news[.]ru,,,[17],palana-news.ru,1
panorama-elizovo[.]ru,panorama-elizovo[.]ru,,,[17],panorama-elizovo.ru,1
parfino-news[.]ru,parfino-news[.]ru,,,[17],parfino-news.ru,1
patriot-alt[.]ru,patriot-alt[.]ru,,,[17],patriot-alt.ru,1
pavlov-gazeta[.]ru,pavlov-gazeta[.]ru,,,[17],pavlov-gazeta.ru,1
pavlovsk-youth[.]ru,pavlovsk-youth[.]ru,,,[17],pavlovsk-youth.ru,1
pechenga-today[.]ru,pechenga-today[.]ru,,,[17],pechenga-today.ru,1
pechori-online[.]ru,pechori-online[.]ru,,,[17],pechori-online.ru,1
penzhinsky[.]ru,penzhinsky[.]ru,,,[17],penzhinsky.ru,1
pereslavlife[.]ru,pereslavlife[.]ru,,,[17],pereslavlife.ru,1
pervouralsk-hronika[.]ru,pervouralsk-hronika[.]ru,,,[17],pervouralsk-hronika.ru,1
petrovsk-zabaykalsk[.]ru,petrovsk-zabaykalsk[.]ru,,,[17],petrovsk-zabaykalsk.ru,1
plamya-v[.]ru,plamya-v[.]ru,,,[17],plamya-v.ru,1
planeta-nadim[.]ru,planeta-nadim[.]ru,,,[17],planeta-nadim.ru,1
plusred[.]ru,plusred[.]ru,,,[17],plusred.ru,1
pobeda-kn[.]ru,pobeda-kn[.]ru,,,[17],pobeda-kn.ru,1
pochepvestnik[.]ru,pochepvestnik[.]ru,,,[17],pochepvestnik.ru,1
pochinok-smolensk[.]ru,pochinok-smolensk[.]ru,,,[17],pochinok-smolensk.ru,1
poehaligagarin[.]ru,poehaligagarin[.]ru,,,[17],poehaligagarin.ru,1
pogar-vesti[.]ru,pogar-vesti[.]ru,,,[17],pogar-vesti.ru,1
pokachi-time[.]ru,pokachi-time[.]ru,,,[17],pokachi-time.ru,1
polarzori[.]ru,polarzori[.]ru,,,[17],polarzori.ru,1
polesskyvestnik[.]ru,polesskyvestnik[.]ru,,,[17],polesskyvestnik.ru,1
poltavskaya-jizn[.]ru,poltavskaya-jizn[.]ru,,,[17],poltavskaya-jizn.ru,1
polyarny-ural[.]ru,polyarny-ural[.]ru,,,[17],polyarny-ural.ru,1
poperinat[.]ru,poperinat[.]ru,,,[17],poperinat.ru,1
porhov-city[.]ru,porhov-city[.]ru,,,[17],porhov-city.ru,1
poselok-anna[.]ru,poselok-anna[.]ru,,,[17],poselok-anna.ru,1
pp-vesti[.]ru,pp-vesti[.]ru,,,[17],pp-vesti.ru,1
pr-gorod[.]ru,pr-gorod[.]ru,,,[17],pr-gorod.ru,1
pravda-k[.]ru,pravda-k[.]ru,,,[17],pravda-k.ru,1
pravda-s[.]ru,pravda-s[.]ru,,,[17],pravda-s.ru,1
pravfond[.]ru,pravfond[.]ru,,,[17],pravfond.ru,1
pravfund[.]ru,pravfund[.]ru,,,[17],pravfund.ru,1
pravoznat-39[.]ru,pravoznat-39[.]ru,,,[17],pravoznat-39.ru,1
pregradnaya-gazeta[.]ru,pregradnaya-gazeta[.]ru,,,[17],pregradnaya-gazeta.ru,1
priangarie-mv[.]ru,priangarie-mv[.]ru,,,[17],priangarie-mv.ru,1
prichernomorie[.]ru,prichernomorie[.]ru,,,[17],prichernomorie.ru,1
prim-zori[.]ru,prim-zori[.]ru,,,[17],prim-zori.ru,1
prinevskii[.]ru,prinevskii[.]ru,,,[17],prinevskii.ru,1
prioskolye[.]ru,prioskolye[.]ru,,,[17],prioskolye.ru,1
prisayanie[.]ru,prisayanie[.]ru,,,[17],prisayanie.ru,1
prisivashie[.]ru,prisivashie[.]ru,,,[17],prisivashie.ru,1
privet-timashevsk[.]ru,privet-timashevsk[.]ru,,,[17],privet-timashevsk.ru,1
privolzhskaya-volna[.]ru,privolzhskaya-volna[.]ru,,,[17],privolzhskaya-volna.ru,1
priyutnoe[.]ru,priyutnoe[.]ru,,,[17],priyutnoe.ru,1
priziv-harovsk[.]ru,priziv-harovsk[.]ru,,,[17],priziv-harovsk.ru,1
priziv-press[.]ru,priziv-press[.]ru,,,[17],priziv-press.ru,1
proberezovo[.]ru,proberezovo[.]ru,,,[17],proberezovo.ru,1
prodelo-s[.]ru,prodelo-s[.]ru,,,[17],prodelo-s.ru,1
proiskitim[.]ru,proiskitim[.]ru,,,[17],proiskitim.ru,1
prokopievsk-variant[.]ru,prokopievsk-variant[.]ru,,,[17],prokopievsk-variant.ru,1
prokrym[.]info,prokrym[.]info,,,[17],prokrym.info,1
prom-kemerovo[.]ru,prom-kemerovo[.]ru,,,[17],prom-kemerovo.ru,1
promagadan[.]ru,promagadan[.]ru,,,[17],promagadan.ru,1
pronikolskoe[.]ru,pronikolskoe[.]ru,,,[17],pronikolskoe.ru,1
pronskie-izvestia[.]ru,pronskie-izvestia[.]ru,,,[17],pronskie-izvestia.ru,1
pronskie-izvestiya[.]ru,pronskie-izvestiya[.]ru,,,[17],pronskie-izvestiya.ru,1
prootradnoe[.]ru,prootradnoe[.]ru,,,[17],prootradnoe.ru,1
propeterburg[.]info,propeterburg[.]info,,,[17],propeterburg.info,1
prosaratov[.]info,prosaratov[.]info,,,[17],prosaratov.info,1
prosevastopol[.]info,prosevastopol[.]info,,,[17],prosevastopol.info,1
prospekt-sochi[.]com,prospekt-sochi[.]com,,,[17],prospekt-sochi.com,1
protvinskie-berega[.]ru,protvinskie-berega[.]ru,,,[17],protvinskie-berega.ru,1
provintsialnoe-zerkalo[.]ru,provintsialnoe-zerkalo[.]ru,,,[17],provintsialnoe-zerkalo.ru,1
provladimir[.]info,provladimir[.]info,,,[17],provladimir.info,1
provnews[.]ru,provnews[.]ru,,,[17],provnews.ru,1
pryamitsino-news[.]ru,pryamitsino-news[.]ru,,,[17],pryamitsino-news.ru,1
pryazhvesti[.]ru,pryazhvesti[.]ru,,,[17],pryazhvesti.ru,1
psebaets[.]ru,psebaets[.]ru,,,[17],psebaets.ru,1
psebay-dni[.]ru,psebay-dni[.]ru,,,[17],psebay-dni.ru,1
pudog[.]ru,pudog[.]ru,,,[17],pudog.ru,1
pulsea[.]ru,pulsea[.]ru,,,[17],pulsea.ru,1
pulsnedeli[.]ru,pulsnedeli[.]ru,,,[17],pulsnedeli.ru,1
pushkin-kray[.]ru,pushkin-kray[.]ru,,,[17],pushkin-kray.ru,1
putokt[.]ru,putokt[.]ru,,,[17],putokt.ru,1
rab-slovo[.]ru,rab-slovo[.]ru,,,[17],rab-slovo.ru,1
rabslovo[.]ru,rabslovo[.]ru,,,[17],rabslovo.ru,1
raduzhny-info[.]ru,raduzhny-info[.]ru,,,[17],raduzhny-info.ru,1
raivestn[.]ru,raivestn[.]ru,,,[17],raivestn.ru,1
ramon-anons[.]ru,ramon-anons[.]ru,,,[17],ramon-anons.ru,1
rassvet-balezino[.]ru,rassvet-balezino[.]ru,,,[17],rassvet-balezino.ru,1
rb-yar[.]ru,rb-yar[.]ru,,,[17],rb-yar.ru,1
rdzem[.]ru,rdzem[.]ru,,,[17],rdzem.ru,1
rech-vol[.]ru,rech-vol[.]ru,,,[17],rech-vol.ru,1
red-banner[.]ru,red-banner[.]ru,,,[17],red-banner.ru,1
red-yar[.]ru,red-yar[.]ru,,,[17],red-yar.ru,1
revda-news[.]ru,revda-news[.]ru,,,[17],revda-news.ru,1
rilskie-vesti[.]ru,rilskie-vesti[.]ru,,,[17],rilskie-vesti.ru,1
ritm-rybnoe[.]ru,ritm-rybnoe[.]ru,,,[17],ritm-rybnoe.ru,1
rodina-shuya[.]ru,rodina-shuya[.]ru,,,[17],rodina-shuya.ru,1
rodniki-gazeta[.]ru,rodniki-gazeta[.]ru,,,[17],rodniki-gazeta.ru,1
rodrov[.]ru,rodrov[.]ru,,,[17],rodrov.ru,1
rossosh-vedomosti[.]ru,rossosh-vedomosti[.]ru,,,[17],rossosh-vedomosti.ru,1
rostov-province[.]ru,rostov-province[.]ru,,,[17],rostov-province.ru,1
rov-niva[.]ru,rov-niva[.]ru,,,[17],rov-niva.ru,1
rudnyansky-raion[.]ru,rudnyansky-raion[.]ru,,,[17],rudnyansky-raion.ru,1
rusakartvelo[.]org,rusakartvelo[.]org,,,[17],rusakartvelo.org,1
rutulnews[.]ru,rutulnews[.]ru,,,[17],rutulnews.ru,1
ruvek[.]info,ruvek[.]info,,,[17],ruvek.info,1
ruza-express[.]ru,ruza-express[.]ru,,,[17],ruza-express.ru,1
rylsk-vesti[.]ru,rylsk-vesti[.]ru,,,[17],rylsk-vesti.ru,1
rzhev-press[.]ru,rzhev-press[.]ru,,,[17],rzhev-press.ru,1
rzpravda[.]ru,rzpravda[.]ru,,,[17],rzpravda.ru,1
s-pravda[.]ru,s-pravda[.]ru,,,[17],s-pravda.ru,1
s-put[.]ru,s-put[.]ru,,,[17],s-put.ru,1
s-vektor[.]ru,s-vektor[.]ru,,,[17],s-vektor.ru,1
saintanna[.]ru,saintanna[.]ru,,,[17],saintanna.ru,1
sakipress[.]ru,sakipress[.]ru,,,[17],sakipress.ru,1
saklife[.]ru,saklife[.]ru,,,[17],saklife.ru,1
salskaya-step[.]ru,salskaya-step[.]ru,,,[17],salskaya-step.ru,1
sambo[.]com,sambo[.]com,,,[17],sambo.com,1
samolet-v[.]ru,samolet-v[.]ru,,,[17],samolet-v.ru,1
samotlorexpress[.]ru,samotlorexpress[.]ru,,,[17],samotlorexpress.ru,1
samotlorpress[.]ru,samotlorpress[.]ru,,,[17],samotlorpress.ru,1
sarov-vedomosti[.]ru,sarov-vedomosti[.]ru,,,[17],sarov-vedomosti.ru,1
sarovskie-vedomosti[.]ru,sarovskie-vedomosti[.]ru,,,[17],sarovskie-vedomosti.ru,1
sarvesti[.]info,sarvesti[.]info,,,[17],sarvesti.info,1
sasovskie-vesti[.]ru,sasovskie-vesti[.]ru,,,[17],sasovskie-vesti.ru,1
sbdialog[.]ru,sbdialog[.]ru,,,[17],sbdialog.ru,1
segeja[.]ru,segeja[.]ru,,,[17],segeja.ru,1
segeza[.]ru,segeza[.]ru,,,[17],segeza.ru,1
segezha-vektor[.]ru,segezha-vektor[.]ru,,,[17],segezha-vektor.ru,1
sel-nov[.]ru,sel-nov[.]ru,,,[17],sel-nov.ru,1
sel-pr[.]ru,sel-pr[.]ru,,,[17],sel-pr.ru,1
sel-pravda[.]ru,sel-pravda[.]ru,,,[17],sel-pravda.ru,1
sel-tas[.]ru,sel-tas[.]ru,,,[17],sel-tas.ru,1
selenga-press[.]ru,selenga-press[.]ru,,,[17],selenga-press.ru,1
selivanovskie-zori[.]ru,selivanovskie-zori[.]ru,,,[17],selivanovskie-zori.ru,1
selnov-nesterov[.]ru,selnov-nesterov[.]ru,,,[17],selnov-nesterov.ru,1
selnov-prim[.]ru,selnov-prim[.]ru,,,[17],selnov-prim.ru,1
selnov-v[.]ru,selnov-v[.]ru,,,[17],selnov-v.ru,1
selosamashki[.]ru,selosamashki[.]ru,,,[17],selosamashki.ru,1
selskaya-okolitsa[.]ru,selskaya-okolitsa[.]ru,,,[17],selskaya-okolitsa.ru,1
seltr[.]ru,seltr[.]ru,,,[17],seltr.ru,1
seltso-pravda[.]ru,seltso-pravda[.]ru,,,[17],seltso-pravda.ru,1
seltsovskaya-pravda[.]ru,seltsovskaya-pravda[.]ru,,,[17],seltsovskaya-pravda.ru,1
semenovsky-kupets[.]ru,semenovsky-kupets[.]ru,,,[17],semenovsky-kupets.ru,1
semibratovo-prostory[.]ru,semibratovo-prostory[.]ru,,,[17],semibratovo-prostory.ru,1
semikarakorskgazeta[.]ru,semikarakorskgazeta[.]ru,,,[17],semikarakorskgazeta.ru,1
semiluki-vestnik[.]ru,semiluki-vestnik[.]ru,,,[17],semiluki-vestnik.ru,1
semkargazeta[.]ru,semkargazeta[.]ru,,,[17],semkargazeta.ru,1
sergievposadpress[.]ru,sergievposadpress[.]ru,,,[17],sergievposadpress.ru,1
sertolovo-nedelya[.]ru,sertolovo-nedelya[.]ru,,,[17],sertolovo-nedelya.ru,1
sevastopol-sovet[.]ru,sevastopol-sovet[.]ru,,,[17],sevastopol-sovet.ru,1
sever-podmoskovia[.]ru,sever-podmoskovia[.]ru,,,[17],sever-podmoskovia.ru,1
severpravda[.]ru,severpravda[.]ru,,,[17],severpravda.ru,1
seversk-digest[.]ru,seversk-digest[.]ru,,,[17],seversk-digest.ru,1
sevkurilsk[.]ru,sevkurilsk[.]ru,,,[17],sevkurilsk.ru,1
sgazeta-op[.]ru,sgazeta-op[.]ru,,,[17],sgazeta-op.ru,1
sgzt[.]com,sgzt[.]com,,,[17],sgzt.com,1
sh-vestnik[.]ru,sh-vestnik[.]ru,,,[17],sh-vestnik.ru,1
shadrinski-vestnik[.]ru,shadrinski-vestnik[.]ru,,,[17],shadrinski-vestnik.ru,1
shaht-vest[.]ru,shaht-vest[.]ru,,,[17],shaht-vest.ru,1
shali-info[.]ru,shali-info[.]ru,,,[17],shali-info.ru,1
shalinskoe[.]ru,shalinskoe[.]ru,,,[17],shalinskoe.ru,1
shchigrovskie-zori[.]ru,shchigrovskie-zori[.]ru,,,[17],shchigrovskie-zori.ru,1
shchigry-zori[.]ru,shchigry-zori[.]ru,,,[17],shchigry-zori.ru,1
shegarka-press[.]ru,shegarka-press[.]ru,,,[17],shegarka-press.ru,1
sheksnagazeta[.]ru,sheksnagazeta[.]ru,,,[17],sheksnagazeta.ru,1
shelkovchanka[.]ru,shelkovchanka[.]ru,,,[17],shelkovchanka.ru,1
shilovski-put[.]ru,shilovski-put[.]ru,,,[17],shilovski-put.ru,1
shiravest[.]ru,shiravest[.]ru,,,[17],shiravest.ru,1
sholem[.]ru,sholem[.]ru,,,[17],sholem.ru,1
shushenskoevremya[.]ru,shushenskoevremya[.]ru,,,[17],shushenskoevremya.ru,1
shuya-teleskop[.]ru,shuya-teleskop[.]ru,,,[17],shuya-teleskop.ru,1
sibnedelya[.]ru,sibnedelya[.]ru,,,[17],sibnedelya.ru,1
sibpanorama[.]ru,sibpanorama[.]ru,,,[17],sibpanorama.ru,1
site[.]ru,site[.]ru,,,[17],site.ru,1
skopin-avtoagregat[.]ru,skopin-avtoagregat[.]ru,,,[17],skopin-avtoagregat.ru,1
slavsknews[.]ru,slavsknews[.]ru,,,[17],slavsknews.ru,1
slavyanskaya-gazeta[.]ru,slavyanskaya-gazeta[.]ru,,,[17],slavyanskaya-gazeta.ru,1
slobodskoi[.]ru,slobodskoi[.]ru,,,[17],slobodskoi.ru,1
slovo-neftyanika[.]ru,slovo-neftyanika[.]ru,,,[17],slovo-neftyanika.ru,1
sm-vesti[.]ru,sm-vesti[.]ru,,,[17],sm-vesti.ru,1
smi-holm[.]ru,smi-holm[.]ru,,,[17],smi-holm.ru,1
smi-volna[.]ru,smi-volna[.]ru,,,[17],smi-volna.ru,1
snbalahta[.]ru,snbalahta[.]ru,,,[17],snbalahta.ru,1
snezhnogorsk-gazeta[.]ru,snezhnogorsk-gazeta[.]ru,,,[17],snezhnogorsk-gazeta.ru,1
sobinka-gazeta[.]ru,sobinka-gazeta[.]ru,,,[17],sobinka-gazeta.ru,1
sol-meridian[.]ru,sol-meridian[.]ru,,,[17],sol-meridian.ru,1
soltsy[.]ru,soltsy[.]ru,,,[17],soltsy.ru,1
sorsk-gazeta[.]ru,sorsk-gazeta[.]ru,,,[17],sorsk-gazeta.ru,1
sosedskievesti[.]ru,sosedskievesti[.]ru,,,[17],sosedskievesti.ru,1
sov-zap[.]ru,sov-zap[.]ru,,,[17],sov-zap.ru,1
sov-zvezda[.]ru,sov-zvezda[.]ru,,,[17],sov-zvezda.ru,1
sovet-serpukhov[.]ru,sovet-serpukhov[.]ru,,,[17],sovet-serpukhov.ru,1
sovetsk-vopros[.]ru,sovetsk-vopros[.]ru,,,[17],sovetsk-vopros.ru,1
spasskoe-vremya[.]ru,spasskoe-vremya[.]ru,,,[17],spasskoe-vremya.ru,1
sprostor[.]ru,sprostor[.]ru,,,[17],sprostor.ru,1
sputnik-sarapul[.]ru,sputnik-sarapul[.]ru,,,[17],sputnik-sarapul.ru,1
stal-iskra[.]ru,stal-iskra[.]ru,,,[17],stal-iskra.ru,1
stanovlyanskie-dni[.]ru,stanovlyanskie-dni[.]ru,,,[17],stanovlyanskie-dni.ru,1
starodublife[.]ru,starodublife[.]ru,,,[17],starodublife.ru,1
starorusski-krai[.]ru,starorusski-krai[.]ru,,,[17],starorusski-krai.ru,1
step-nov[.]ru,step-nov[.]ru,,,[17],step-nov.ru,1
stepkrai[.]ru,stepkrai[.]ru,,,[17],stepkrai.ru,1
stepnaya-nov[.]ru,stepnaya-nov[.]ru,,,[17],stepnaya-nov.ru,1
strezhevoy-svetofor[.]ru,strezhevoy-svetofor[.]ru,,,[17],strezhevoy-svetofor.ru,1
stroy-armavir[.]ru,stroy-armavir[.]ru,,,[17],stroy-armavir.ru,1
sudogda-city[.]ru,sudogda-city[.]ru,,,[17],sudogda-city.ru,1
sudzha-vestnik[.]ru,sudzha-vestnik[.]ru,,,[17],sudzha-vestnik.ru,1
sunjpravda[.]ru,sunjpravda[.]ru,,,[17],sunjpravda.ru,1
suntargazeta[.]ru,suntargazeta[.]ru,,,[17],suntargazeta.ru,1
sunzha-pravda[.]ru,sunzha-pravda[.]ru,,,[17],sunzha-pravda.ru,1
sunzha-press[.]ru,sunzha-press[.]ru,,,[17],sunzha-press.ru,1
surazhvestnik[.]ru,surazhvestnik[.]ru,,,[17],surazhvestnik.ru,1
surgut-novosti[.]ru,surgut-novosti[.]ru,,,[17],surgut-novosti.ru,1
suzemka-press[.]ru,suzemka-press[.]ru,,,[17],suzemka-press.ru,1
suzun-intellect[.]ru,suzun-intellect[.]ru,,,[17],suzun-intellect.ru,1
sv65[.]ru,sv65[.]ru,,,[17],sv65.ru,1
svetlograd-today[.]ru,svetlograd-today[.]ru,,,[17],svetlograd-today.ru,1
svetvesti[.]ru,svetvesti[.]ru,,,[17],svetvesti.ru,1
svetvestnik[.]ru,svetvestnik[.]ru,,,[17],svetvestnik.ru,1
svobodni-trud[.]ru,svobodni-trud[.]ru,,,[17],svobodni-trud.ru,1
svobodnygolos[.]ru,svobodnygolos[.]ru,,,[17],svobodnygolos.ru,1
svoya-gazeta[.]ru,svoya-gazeta[.]ru,,,[17],svoya-gazeta.ru,1
sysert-press[.]ru,sysert-press[.]ru,,,[17],sysert-press.ru,1
taganrog-time[.]ru,taganrog-time[.]ru,,,[17],taganrog-time.ru,1
taishetskaya-nedelya[.]ru,taishetskaya-nedelya[.]ru,,,[17],taishetskaya-nedelya.ru,1
talovaya-press[.]ru,talovaya-press[.]ru,,,[17],talovaya-press.ru,1
talzhizn[.]ru,talzhizn[.]ru,,,[17],talzhizn.ru,1
tarys[.]ru,tarys[.]ru,,,[17],tarys.ru,1
tashtyp3[.]ru,tashtyp3[.]ru,,,[17],tashtyp3.ru,1
tbilnews[.]ru,tbilnews[.]ru,,,[17],tbilnews.ru,1
teikovo-gazeta[.]ru,teikovo-gazeta[.]ru,,,[17],teikovo-gazeta.ru,1
temryuk-kompas[.]ru,temryuk-kompas[.]ru,,,[17],temryuk-kompas.ru,1
temryuk-news[.]ru,temryuk-news[.]ru,,,[17],temryuk-news.ru,1
terbunskie-vesti[.]ru,terbunskie-vesti[.]ru,,,[17],terbunskie-vesti.ru,1
terra-19tv[.]ru,terra-19tv[.]ru,,,[17],terra-19tv.ru,1
tersky-raion[.]ru,tersky-raion[.]ru,,,[17],tersky-raion.ru,1
tigil-gazeta[.]ru,tigil-gazeta[.]ru,,,[17],tigil-gazeta.ru,1
tikhoretski-vestnik[.]ru,tikhoretski-vestnik[.]ru,,,[17],tikhoretski-vestnik.ru,1
tilichiki-zemlya[.]ru,tilichiki-zemlya[.]ru,,,[17],tilichiki-zemlya.ru,1
toguchin-time[.]ru,toguchin-time[.]ru,,,[17],toguchin-time.ru,1
tommot-listok[.]ru,tommot-listok[.]ru,,,[17],tommot-listok.ru,1
tompon[.]ru,tompon[.]ru,,,[17],tompon.ru,1
torzhok-life[.]ru,torzhok-life[.]ru,,,[17],torzhok-life.ru,1
tosvestnik[.]ru,tosvestnik[.]ru,,,[17],tosvestnik.ru,1
totmagazeta[.]ru,totmagazeta[.]ru,,,[17],totmagazeta.ru,1
tovarkovo-plus[.]ru,tovarkovo-plus[.]ru,,,[17],tovarkovo-plus.ru,1
tovarkovo-plyus[.]ru,tovarkovo-plyus[.]ru,,,[17],tovarkovo-plyus.ru,1
tribuna-komi[.]ru,tribuna-komi[.]ru,,,[17],tribuna-komi.ru,1
tribuna-urala[.]ru,tribuna-urala[.]ru,,,[17],tribuna-urala.ru,1
tribuna22[.]ru,tribuna22[.]ru,,,[17],tribuna22.ru,1
tribunakomi[.]ru,tribunakomi[.]ru,,,[17],tribunakomi.ru,1
troitskoevremya[.]ru,troitskoevremya[.]ru,,,[17],troitskoevremya.ru,1
trubchevskaya-okruga[.]ru,trubchevskaya-okruga[.]ru,,,[17],trubchevskaya-okruga.ru,1
trudovaya-vakhta[.]ru,trudovaya-vakhta[.]ru,,,[17],trudovaya-vakhta.ru,1
tsaganaman[.]ru,tsaganaman[.]ru,,,[17],tsaganaman.ru,1
tsahvoa[.]ru,tsahvoa[.]ru,,,[17],tsahvoa.ru,1
tsimlyansk[.]ru,tsimlyansk[.]ru,,,[17],tsimlyansk.ru,1
tsotsi-yurt[.]info,tsotsi-yurt[.]info,,,[17],tsotsi-yurt.info,1
tsotsyiurt[.]ru,tsotsyiurt[.]ru,,,[17],tsotsyiurt.ru,1
tulski-telegraf[.]ru,tulski-telegraf[.]ru,,,[17],tulski-telegraf.ru,1
tulunski-vestnik[.]ru,tulunski-vestnik[.]ru,,,[17],tulunski-vestnik.ru,1
tur-izvestiya[.]ru,tur-izvestiya[.]ru,,,[17],tur-izvestiya.ru,1
tura-news[.]ru,tura-news[.]ru,,,[17],tura-news.ru,1
turan-gazeta[.]ru,turan-gazeta[.]ru,,,[17],turan-gazeta.ru,1
turochak-life[.]ru,turochak-life[.]ru,,,[17],turochak-life.ru,1
turval[.]ru,turval[.]ru,,,[17],turval.ru,1
tutaev-gazeta[.]ru,tutaev-gazeta[.]ru,,,[17],tutaev-gazeta.ru,1
tuv-pravda[.]ru,tuv-pravda[.]ru,,,[17],tuv-pravda.ru,1
tuva-ter[.]ru,tuva-ter[.]ru,,,[17],tuva-ter.ru,1
tuvexpress[.]ru,tuvexpress[.]ru,,,[17],tuvexpress.ru,1
tvoi-den[.]ru,tvoi-den[.]ru,,,[17],tvoi-den.ru,1
tvoi-karasuk[.]ru,tvoi-karasuk[.]ru,,,[17],tvoi-karasuk.ru,1
tvoy-pozitiv[.]ru,tvoy-pozitiv[.]ru,,,[17],tvoy-pozitiv.ru,1
tvoya-gazeta[.]info,tvoya-gazeta[.]info,,,[17],tvoya-gazeta.info,1
tvoyagazeta-so[.]ru,tvoyagazeta-so[.]ru,,,[17],tvoyagazeta-so.ru,1
tvybor[.]ru,tvybor[.]ru,,,[17],tvybor.ru,1
u-vesti[.]ru,u-vesti[.]ru,,,[17],u-vesti.ru,1
uagazeta[.]ru,uagazeta[.]ru,,,[17],uagazeta.ru,1
uchkeken-news[.]ru,uchkeken-news[.]ru,,,[17],uchkeken-news.ru,1
udachny-den[.]ru,udachny-den[.]ru,,,[17],udachny-den.ru,1
udomlya-starina[.]ru,udomlya-starina[.]ru,,,[17],udomlya-starina.ru,1
uglegorskns[.]ru,uglegorskns[.]ru,,,[17],uglegorskns.ru,1
uglich-vest[.]ru,uglich-vest[.]ru,,,[17],uglich-vest.ru,1
ujadyg[.]ru,ujadyg[.]ru,,,[17],ujadyg.ru,1
uk-nedelya[.]ru,uk-nedelya[.]ru,,,[17],uk-nedelya.ru,1
uk-vestnik[.]ru,uk-vestnik[.]ru,,,[17],uk-vestnik.ru,1
ul-perekrestok[.]ru,ul-perekrestok[.]ru,,,[17],ul-perekrestok.ru,1
ulug-khem[.]ru,ulug-khem[.]ru,,,[17],ulug-khem.ru,1
um-vest[.]ru,um-vest[.]ru,,,[17],um-vest.ru,1
um-vestnik[.]ru,um-vestnik[.]ru,,,[17],um-vestnik.ru,1
umanskaya-gazeta[.]ru,umanskaya-gazeta[.]ru,,,[17],umanskaya-gazeta.ru,1
unecha-express[.]ru,unecha-express[.]ru,,,[17],unecha-express.ru,1
uporovskoe-vremya[.]ru,uporovskoe-vremya[.]ru,,,[17],uporovskoe-vremya.ru,1
uraiski-kurier[.]ru,uraiski-kurier[.]ru,,,[17],uraiski-kurier.ru,1
urogay-smol[.]ru,urogay-smol[.]ru,,,[17],urogay-smol.ru,1
urus-martan[.]info,urus-martan[.]info,,,[17],urus-martan.info,1
uryupinskgazeta[.]ru,uryupinskgazeta[.]ru,,,[17],uryupinskgazeta.ru,1
ussuriysk-news[.]ru,ussuriysk-news[.]ru,,,[17],ussuriysk-news.ru,1
ust-bolshereczk[.]ru,ust-bolshereczk[.]ru,,,[17],ust-bolshereczk.ru,1
ust-bolsheretsk[.]ru,ust-bolsheretsk[.]ru,,,[17],ust-bolsheretsk.ru,1
ust-ilim[.]press,ust-ilim[.]press,,,[17],ust-ilim.press,1
ust-kutskaya[.]ru,ust-kutskaya[.]ru,,,[17],ust-kutskaya.ru,1
ustkam-vremya[.]ru,ustkam-vremya[.]ru,,,[17],ustkam-vremya.ru,1
ustvesti[.]ru,ustvesti[.]ru,,,[17],ustvesti.ru,1
ustyugvestnik[.]ru,ustyugvestnik[.]ru,,,[17],ustyugvestnik.ru,1
utrolagani[.]ru,utrolagani[.]ru,,,[17],utrolagani.ru,1
uva-projector[.]ru,uva-projector[.]ru,,,[17],uva-projector.ru,1
uyar-rassvety[.]ru,uyar-rassvety[.]ru,,,[17],uyar-rassvety.ru,1
uzhur-volost[.]ru,uzhur-volost[.]ru,,,[17],uzhur-volost.ru,1
v-dalgor[.]ru,v-dalgor[.]ru,,,[17],v-dalgor.ru,1
v-gorizont[.]ru,v-gorizont[.]ru,,,[17],v-gorizont.ru,1
v-kizilyurt[.]ru,v-kizilyurt[.]ru,,,[17],v-kizilyurt.ru,1
v-nerungri[.]ru,v-nerungri[.]ru,,,[17],v-nerungri.ru,1
v-neryungri[.]ru,v-neryungri[.]ru,,,[17],v-neryungri.ru,1
vagai-pravda[.]ru,vagai-pravda[.]ru,,,[17],vagai-pravda.ru,1
val-zvezda[.]ru,val-zvezda[.]ru,,,[17],val-zvezda.ru,1
valdaygazeta[.]ru,valdaygazeta[.]ru,,,[17],valdaygazeta.ru,1
vash-mikhailovsk[.]ru,vash-mikhailovsk[.]ru,,,[17],vash-mikhailovsk.ru,1
vashe-prav[.]ru,vashe-prav[.]ru,,,[17],vashe-prav.ru,1
vchaspik[.]ru,vchaspik[.]ru,,,[17],vchaspik.ru,1
vech-aldan[.]ru,vech-aldan[.]ru,,,[17],vech-aldan.ru,1
vecherka-kuybyshev[.]ru,vecherka-kuybyshev[.]ru,,,[17],vecherka-kuybyshev.ru,1
vecherka-ner[.]ru,vecherka-ner[.]ru,,,[17],vecherka-ner.ru,1
vecherka-obninsk[.]ru,vecherka-obninsk[.]ru,,,[17],vecherka-obninsk.ru,1
vecherkandalaksha[.]ru,vecherkandalaksha[.]ru,,,[17],vecherkandalaksha.ru,1
vechernee-petuhovo[.]ru,vechernee-petuhovo[.]ru,,,[17],vechernee-petuhovo.ru,1
vecherni-karachev[.]ru,vecherni-karachev[.]ru,,,[17],vecherni-karachev.ru,1
vecherni-obninsk[.]ru,vecherni-obninsk[.]ru,,,[17],vecherni-obninsk.ru,1
vecherni-ustilim[.]ru,vecherni-ustilim[.]ru,,,[17],vecherni-ustilim.ru,1
vecherniy-sudak[.]ru,vecherniy-sudak[.]ru,,,[17],vecherniy-sudak.ru,1
vecherny-ishim[.]ru,vecherny-ishim[.]ru,,,[17],vecherny-ishim.ru,1
vektor-nedeli[.]ru,vektor-nedeli[.]ru,,,[17],vektor-nedeli.ru,1
vektor-tatarsk[.]ru,vektor-tatarsk[.]ru,,,[17],vektor-tatarsk.ru,1
veloboz[.]ru,veloboz[.]ru,,,[17],veloboz.ru,1
verhnednepr[.]ru,verhnednepr[.]ru,,,[17],verhnednepr.ru,1
verhneket[.]ru,verhneket[.]ru,,,[17],verhneket.ru,1
verkhnekamie[.]ru,verkhnekamie[.]ru,,,[17],verkhnekamie.ru,1
verny-put[.]ru,verny-put[.]ru,,,[17],verny-put.ru,1
ves-gubkinsky[.]ru,ves-gubkinsky[.]ru,,,[17],ves-gubkinsky.ru,1
ves-mirny[.]ru,ves-mirny[.]ru,,,[17],ves-mirny.ru,1
ves-rybinsk[.]ru,ves-rybinsk[.]ru,,,[17],ves-rybinsk.ru,1
ves-severomorsk[.]ru,ves-severomorsk[.]ru,,,[17],ves-severomorsk.ru,1
ves-volgodonsk[.]ru,ves-volgodonsk[.]ru,,,[17],ves-volgodonsk.ru,1
vesti-ah[.]ru,vesti-ah[.]ru,,,[17],vesti-ah.ru,1
vesti-bu[.]ru,vesti-bu[.]ru,,,[17],vesti-bu.ru,1
vesti-kaluga[.]ru,vesti-kaluga[.]ru,,,[17],vesti-kaluga.ru,1
vesti-ls[.]ru,vesti-ls[.]ru,,,[17],vesti-ls.ru,1
vesti-mezhdurechensk[.]ru,vesti-mezhdurechensk[.]ru,,,[17],vesti-mezhdurechensk.ru,1
vesti-millerovo[.]ru,vesti-millerovo[.]ru,,,[17],vesti-millerovo.ru,1
vesti-morozovsk[.]ru,vesti-morozovsk[.]ru,,,[17],vesti-morozovsk.ru,1
vesti-p[.]ru,vesti-p[.]ru,,,[17],vesti-p.ru,1
vesti-yantarnogo[.]ru,vesti-yantarnogo[.]ru,,,[17],vesti-yantarnogo.ru,1
vesti61[.]ru,vesti61[.]ru,,,[17],vesti61.ru,1
vestiharabali[.]ru,vestiharabali[.]ru,,,[17],vestiharabali.ru,1
vestiv[.]ru,vestiv[.]ru,,,[17],vestiv.ru,1
vestivsredu[.]ru,vestivsredu[.]ru,,,[17],vestivsredu.ru,1
vestnik-baltiyska[.]ru,vestnik-baltiyska[.]ru,,,[17],vestnik-baltiyska.ru,1
vestnik-kovdora[.]ru,vestnik-kovdora[.]ru,,,[17],vestnik-kovdora.ru,1
vestnik-ladushkina[.]ru,vestnik-ladushkina[.]ru,,,[17],vestnik-ladushkina.ru,1
vestnik-nachalovo[.]ru,vestnik-nachalovo[.]ru,,,[17],vestnik-nachalovo.ru,1
vestnik-predgoria[.]ru,vestnik-predgoria[.]ru,,,[17],vestnik-predgoria.ru,1
vestnik-pv[.]ru,vestnik-pv[.]ru,,,[17],vestnik-pv.ru,1
vestnik-selsovetov[.]ru,vestnik-selsovetov[.]ru,,,[17],vestnik-selsovetov.ru,1
vestnik-surovikino[.]ru,vestnik-surovikino[.]ru,,,[17],vestnik-surovikino.ru,1
vestnik-tm[.]ru,vestnik-tm[.]ru,,,[17],vestnik-tm.ru,1
vestnik-zav[.]ru,vestnik-zav[.]ru,,,[17],vestnik-zav.ru,1
vestniklk[.]ru,vestniklk[.]ru,,,[17],vestniklk.ru,1
vestnikpr[.]ru,vestnikpr[.]ru,,,[17],vestnikpr.ru,1
vestniktaimyra[.]ru,vestniktaimyra[.]ru,,,[17],vestniktaimyra.ru,1
veteran-pravda[.]ru,veteran-pravda[.]ru,,,[17],veteran-pravda.ru,1
viborkazan[.]ru,viborkazan[.]ru,,,[17],viborkazan.ru,1
vilyuchinsk-izvestia[.]ru,vilyuchinsk-izvestia[.]ru,,,[17],vilyuchinsk-izvestia.ru,1
vilyuisk-gorizont[.]ru,vilyuisk-gorizont[.]ru,,,[17],vilyuisk-gorizont.ru,1
vimpel-rubtsovsk[.]ru,vimpel-rubtsovsk[.]ru,,,[17],vimpel-rubtsovsk.ru,1
vitegoria[.]ru,vitegoria[.]ru,,,[17],vitegoria.ru,1
vitzori[.]ru,vitzori[.]ru,,,[17],vitzori.ru,1
vltavacrimea[.]ru,vltavacrimea[.]ru,,,[17],vltavacrimea.ru,1
vlz-stroitel[.]ru,vlz-stroitel[.]ru,,,[17],vlz-stroitel.ru,1
voinskayaslava[.]ru,voinskayaslava[.]ru,,,[17],voinskayaslava.ru,1
volna-zelenogradsk[.]ru,volna-zelenogradsk[.]ru,,,[17],volna-zelenogradsk.ru,1
vologda-p[.]ru,vologda-p[.]ru,,,[17],vologda-p.ru,1
vologodskylad[.]ru,vologodskylad[.]ru,,,[17],vologodskylad.ru,1
volokolamskoe-shosse[.]ru,volokolamskoe-shosse[.]ru,,,[17],volokolamskoe-shosse.ru,1
voshod57[.]ru,voshod57[.]ru,,,[17],voshod57.ru,1
voshodprim[.]ru,voshodprim[.]ru,,,[17],voshodprim.ru,1
voshodvanino[.]ru,voshodvanino[.]ru,,,[17],voshodvanino.ru,1
voskresenskie-dni[.]ru,voskresenskie-dni[.]ru,,,[17],voskresenskie-dni.ru,1
vostok-alt[.]ru,vostok-alt[.]ru,,,[17],vostok-alt.ru,1
vostregion[.]ru,vostregion[.]ru,,,[17],vostregion.ru,1
votkinsk-segodnya[.]ru,votkinsk-segodnya[.]ru,,,[17],votkinsk-segodnya.ru,1
vpered-kb[.]ru,vpered-kb[.]ru,,,[17],vpered-kb.ru,1
vpered-m[.]ru,vpered-m[.]ru,,,[17],vpered-m.ru,1
vpered-zori[.]ru,vpered-zori[.]ru,,,[17],vpered-zori.ru,1
vpered57[.]ru,vpered57[.]ru,,,[17],vpered57.ru,1
vperedbel[.]ru,vperedbel[.]ru,,,[17],vperedbel.ru,1
vpereduralan[.]ru,vpereduralan[.]ru,,,[17],vpereduralan.ru,1
vremya-molchanovo[.]ru,vremya-molchanovo[.]ru,,,[17],vremya-molchanovo.ru,1
vse-o-zhizni[.]ru,vse-o-zhizni[.]ru,,,[17],vse-o-zhizni.ru,1
vsev-gazeta[.]ru,vsev-gazeta[.]ru,,,[17],vsev-gazeta.ru,1
vsya-igra[.]ru,vsya-igra[.]ru,,,[17],vsya-igra.ru,1
vvanino[.]ru,vvanino[.]ru,,,[17],vvanino.ru,1
vvp-kotelnich[.]ru,vvp-kotelnich[.]ru,,,[17],vvp-kotelnich.ru,1
vyazemski[.]ru,vyazemski[.]ru,,,[17],vyazemski.ru,1
vyazemskie-vedomosti[.]ru,vyazemskie-vedomosti[.]ru,,,[17],vyazemskie-vedomosti.ru,1
vyazma-vedomosti[.]ru,vyazma-vedomosti[.]ru,,,[17],vyazma-vedomosti.ru,1
vyazniki-nedelya[.]ru,vyazniki-nedelya[.]ru,,,[17],vyazniki-nedelya.ru,1
vybor-krasnogoria[.]ru,vybor-krasnogoria[.]ru,,,[17],vybor-krasnogoria.ru,1
vyborg-avtograf[.]ru,vyborg-avtograf[.]ru,,,[17],vyborg-avtograf.ru,1
vygonichi[.]ru,vygonichi[.]ru,,,[17],vygonichi.ru,1
wyksa-r[.]ru,wyksa-r[.]ru,,,[17],wyksa-r.ru,1
xn----8sbjhmaeayppbwkpbar6b[.]xn--p1ai,xn----8sbjhmaeayppbwkpbar6b[.]xn--p1ai,,,[17],xn----8sbjhmaeayppbwkpbar6b.xn--p1ai,1
yagodnoe[.]press,yagodnoe[.]press,,,[17],yagodnoe.press,1
yalutor-volna[.]ru,yalutor-volna[.]ru,,,[17],yalutor-volna.ru,1
yamal-time[.]ru,yamal-time[.]ru,,,[17],yamal-time.ru,1
yamaltime[.]ru,yamaltime[.]ru,,,[17],yamaltime.ru,1
yar-gorod[.]ru,yar-gorod[.]ru,,,[17],yar-gorod.ru,1
yarbiz[.]info,yarbiz[.]info,,,[17],yarbiz.info,1
yarkovosti[.]ru,yarkovosti[.]ru,,,[17],yarkovosti.ru,1
yashalta-dnevnik[.]ru,yashalta-dnevnik[.]ru,,,[17],yashalta-dnevnik.ru,1
yashkur-bodya[.]ru,yashkur-bodya[.]ru,,,[17],yashkur-bodya.ru,1
yaskluch[.]ru,yaskluch[.]ru,,,[17],yaskluch.ru,1
yugorski-glagol[.]ru,yugorski-glagol[.]ru,,,[17],yugorski-glagol.ru,1
yurga-nov[.]ru,yurga-nov[.]ru,,,[17],yurga-nov.ru,1
yuriev-polski[.]ru,yuriev-polski[.]ru,,,[17],yuriev-polski.ru,1
z-steppe[.]ru,z-steppe[.]ru,,,[17],z-steppe.ru,1
za-izobilie57[.]ru,za-izobilie57[.]ru,,,[17],za-izobilie57.ru,1
za-urozai[.]ru,za-urozai[.]ru,,,[17],za-urozai.ru,1
zabaykalsk-vedomosti[.]ru,zabaykalsk-vedomosti[.]ru,,,[17],zabaykalsk-vedomosti.ru,1
zabrabochii[.]ru,zabrabochii[.]ru,,,[17],zabrabochii.ru,1
zadonskie-zori[.]ru,zadonskie-zori[.]ru,,,[17],zadonskie-zori.ru,1
zalegoshch[.]ru,zalegoshch[.]ru,,,[17],zalegoshch.ru,1
zaozerny-kray[.]ru,zaozerny-kray[.]ru,,,[17],zaozerny-kray.ru,1
zaplica[.]ru,zaplica[.]ru,,,[17],zaplica.ru,1
zapolyarny-region[.]ru,zapolyarny-region[.]ru,,,[17],zapolyarny-region.ru,1
zaraisk-news[.]ru,zaraisk-news[.]ru,,,[17],zaraisk-news.ru,1
zariagazeta[.]ru,zariagazeta[.]ru,,,[17],zariagazeta.ru,1
zarya-kgorod[.]ru,zarya-kgorod[.]ru,,,[17],zarya-kgorod.ru,1
zarya-kurg[.]ru,zarya-kurg[.]ru,,,[17],zarya-kurg.ru,1
zarya-sev[.]ru,zarya-sev[.]ru,,,[17],zarya-sev.ru,1
zarya-urala[.]ru,zarya-urala[.]ru,,,[17],zarya-urala.ru,1
zarya57[.]ru,zarya57[.]ru,,,[17],zarya57.ru,1
zaryakaspiya[.]ru,zaryakaspiya[.]ru,,,[17],zaryakaspiya.ru,1
zaryapirov[.]ru,zaryapirov[.]ru,,,[17],zaryapirov.ru,1
zatozelenogorsk[.]ru,zatozelenogorsk[.]ru,,,[17],zatozelenogorsk.ru,1
zavety-i[.]ru,zavety-i[.]ru,,,[17],zavety-i.ru,1
zavety-len[.]ru,zavety-len[.]ru,,,[17],zavety-len.ru,1
zavodoukovsk-gazeta[.]ru,zavodoukovsk-gazeta[.]ru,,,[17],zavodoukovsk-gazeta.ru,1
zavyalovsky-flag[.]ru,zavyalovsky-flag[.]ru,,,[17],zavyalovsky-flag.ru,1
zelenchukpravda[.]ru,zelenchukpravda[.]ru,,,[17],zelenchukpravda.ru,1
zemlya-n[.]ru,zemlya-n[.]ru,,,[17],zemlya-n.ru,1
zempodolsk[.]ru,zempodolsk[.]ru,,,[17],zempodolsk.ru,1
zemskie-vesti[.]ru,zemskie-vesti[.]ru,,,[17],zemskie-vesti.ru,1
zemvv[.]ru,zemvv[.]ru,,,[17],zemvv.ru,1
zernograd[.]biz,zernograd[.]biz,,,[17],zernograd.biz,1
zhatay[.]com,zhatay[.]com,,,[17],zhatay.com,1
zheleznogorsk-panorama[.]ru,zheleznogorsk-panorama[.]ru,,,[17],zheleznogorsk-panorama.ru,1
zhen-dagestana[.]ru,zhen-dagestana[.]ru,,,[17],zhen-dagestana.ru,1
ziminski-region[.]ru,ziminski-region[.]ru,,,[17],ziminski-region.ru,1
zmi-novosni[.]ru,zmi-novosni[.]ru,,,[17],zmi-novosni.ru,1
zmievka-novosti[.]ru,zmievka-novosti[.]ru,,,[17],zmievka-novosti.ru,1
zn-press[.]ru,zn-press[.]ru,,,[17],zn-press.ru,1
zn-smol[.]ru,zn-smol[.]ru,,,[17],zn-smol.ru,1
znamensk-tribuna[.]ru,znamensk-tribuna[.]ru,,,[17],znamensk-tribuna.ru,1
znamenskaya-tribuna[.]ru,znamenskaya-tribuna[.]ru,,,[17],znamenskaya-tribuna.ru,1
znamya-plast[.]ru,znamya-plast[.]ru,,,[17],znamya-plast.ru,1
znamya-trud[.]ru,znamya-trud[.]ru,,,[17],znamya-trud.ru,1
zntrud[.]ru,zntrud[.]ru,,,[17],zntrud.ru,1
zntruda[.]ru,zntruda[.]ru,,,[17],zntruda.ru,1
zolotuhino-raion[.]ru,zolotuhino-raion[.]ru,,,[17],zolotuhino-raion.ru,1
zvezda-langepas[.]ru,zvezda-langepas[.]ru,,,[17],zvezda-langepas.ru,1
zvezda-sah[.]ru,zvezda-sah[.]ru,,,[17],zvezda-sah.ru,1
infoshos[.]ru,infoshos[.]ru,,,[21],infoshos.ru,1
akhun[.]ru,akhun[.]ru,,,[21],akhun.ru,1
dommechta[.]com,dommechta[.]com,,,[21],dommechta.com,1
k-koncept[.]ru,k-koncept[.]ru,,,[21],k-koncept.ru,1
kan-imo[.]ru,kan-imo[.]ru,,,[21],kan-imo.ru,1
uspeh-dom[.]ru,uspeh-dom[.]ru,,,[21],uspeh-dom.ru,1
metall-forma[.]ru,metall-forma[.]ru,,,[21],metall-forma.ru,1
metall-vitamet[.]ru,metall-vitamet[.]ru,,,[21],metall-vitamet.ru,1
metals-trading[.]pro,metals-trading[.]pro,,,[21],metals-trading.pro,1
ralkon[.]ru,ralkon[.]ru,,,[21],ralkon.ru,1
pl-oil[.]ru,pl-oil[.]ru,,,[21],pl-oil.ru,1
techpolicom[.]ru,techpolicom[.]ru,,,[21],techpolicom.ru,1
techpolycom[.]ru,techpolycom[.]ru,,,[21],techpolycom.ru,1
rusoptics[.]com,rusoptics[.]com,,,[21],rusoptics.com,1
uniones[.]ru,uniones[.]ru,,,[21],uniones.ru,1
ssmp[.]ru,ssmp[.]ru,,,[21],ssmp.ru,1
sneginca[.]ru,sneginca[.]ru,,,[21],sneginca.ru,1
leaducation[.]ru,leaducation[.]ru,,,[21],leaducation.ru,1
volnoe-delo[.]org,volnoe-delo[.]org,,,[21],volnoe-delo.org,1
ak-sp[.]ru,ak-sp[.]ru,,,[21],ak-sp.ru,1
labrand[.]ru,labrand[.]ru,,,[21],labrand.ru,1
prosambo[.]com,prosambo[.]com,,,[21],prosambo.com,1
sambist[.]ru,sambist[.]ru,,,[21],sambist.ru,1
referee[.]ru,referee[.]ru,,,[21],referee.ru,1
ssvr[.]ru,ssvr[.]ru,,,[21],ssvr.ru,1
amur-trassa[.]ru,amur-trassa[.]ru,,,[21],amur-trassa.ru,1
dorconf2009[.]ru,dorconf2009[.]ru,,,[21],dorconf2009.ru,1
opengovfda[.]ru,opengovfda[.]ru,,,[21],opengovfda.ru,1
romanovy400[.]ru,romanovy400[.]ru,,,[21],romanovy400.ru,1
romanov-2013[.]ru,romanov-2013[.]ru,,,[21],romanov-2013.ru,1
rus1150[.]org,rus1150[.]org,,,[21],rus1150.org,1
moi-deputat[.]ru,moi-deputat[.]ru,,,[21],moi-deputat.ru,1
moy-deputat[.]ru,moy-deputat[.]ru,,,[21],moy-deputat.ru,1
chyi[.]ru,chyi[.]ru,,,[21],chyi.ru,1
ehoosha[.]com,ehoosha[.]com,,,[21],ehoosha.com,1
ehoosha[.]ru,ehoosha[.]ru,,,[21],ehoosha.ru,1
tvybor[.]ru,tvybor[.]ru,,,[21],tvybor.ru,1
infokirgizia[.]ru,infokirgizia[.]ru,,,[21],infokirgizia.ru,1
kobzarev[.]com,kobzarev[.]com,,,[21],kobzarev.com,1
unisco[.]ru,unisco[.]ru,,,[21],unisco.ru,1
icrea[.]ru,icrea[.]ru,,,[21],icrea.ru,1
Astra-Plus,astra-plus[.]ru,,,[21],astra-plus.ru,1
turval[.]ru,turval[.]ru,,,[21],turval.ru,1
genocide-in-ossetia[.]com,genocide-in-ossetia[.]com,,,[21],genocide-in-ossetia.com,1
victoryforpeace[.]ru,victoryforpeace[.]ru,,,[21],victoryforpeace.ru,1
bbc-uk.news,bbc-uk.news,Defunct,Spoof of the BBC.,[24],bbc-uk.news,1
The Boston Times,bostontimes[.]org,,"Spoof of The Boston Times, a 19th-20th century newspaper in the United States. Asserted by France 24 of having its logo created by a Generative AI model.",[25][29][30][31][32][33][22][34][35][27][24][6],bostontimes.org,1
British Chronicle,britishchronicle.com,,,[35][28][24],britishchronicle.com,1
centralrecord[.]org,centralrecord[.]org,,,[22],centralrecord.org,1
Chicago Chronicle,chicagochron[.]com,Defunct,"Spoof of the Chicago Chronicle, a late 19th-early 20th century newspaper in the United States.",[36][37][25][29][30][32][22][35][28][27],chicagochron.com,1
Chicago Crier,chicagocrier[.]com,,,[30][32][35][24],chicagocrier.com,1
Clear Story News,clearstory[.]news,,Accused by the United States federal government of publishing fabricated audio of a conversation between US officials.,[25][22][36][38][35][27][24],clearstory.news,1
DC Weekly,dcweekly[.]org,,Published and spread false claims about Ukraine president Volodymyr Zelenskyy. Accused by researchers of using generative AI for their stories.,[39][40][36][41][42][29][30][32][22][35][28][27][24],dcweekly.org,1
falconeye.tech,falconeye.tech,,,[35],falconeye.tech,1
The Flagstaff Post,flagstaffpost[.]com,,,[25][29][27][6],flagstaffpost.com,1
franceencolere[.]fr,franceencolere[.]fr,,"Promoted an impostor site of the Renaissance Party that falsely claimed that the party would pay citizens to vote for them during the first round of the 2024 French legislative election. Many articles were reposted from a website used in Russia's Doppelganger campaign. The Atlantic Council's Digital Forensic Research Lab concluded that the site likely used a large language model to attempt to rewrite articles from French news sources such as Le Parisien, 20 Minutes, LibÃ©ration, Le Figaro, Le Monde, and La Croix.",[9],franceencolere.fr,1
GBGeopolitics,gbgeopolitics.com,,,[35][28][24],gbgeopolitics.com,1
The Houston Post,houstonpost[.]org,,Spoofs the Houston Post. Includes prompts for large language models in some of its articles.,[25][29][30][34][27],houstonpost.org,1
infosindependants.fr,infosindependants.fr,Defunct,,[35][27][24],infosindependants.fr,1
KBSF-San Francisco News,kbsf-tv.com,Defunct,Spread false claim about Kamala Harris. Imitates a local news TV station. Copied articles from ABC News and CBS News.,[43][44][45][46][47],kbsf-tv.com,1
London Crier,londoncrier.co.uk,Defunct,,[35][22][28][27][24],londoncrier.co.uk,1
London Crier,londoncrier.com,Defunct,,[35][22][28][27][24],londoncrier.com,1
LondonChronicleNews,londonchronicle.news,,,[35][28][24],londonchronicle.news,1
Miami Chronicle,miamichron[.]com,,"Falsely claims to have been in existence since 1937, since it was registered in February 2024. The ""About"" page contains Loren ipsum. Some of the site images have filenames in Russian. According to the New York Times, the site does not have valid contact info. Accused by the United States federal government of publishing fabricated audio of a conversation between US officials.",[36][29][32][22][35][28][24],miamichron.com,1
New York News Daily,nynewsdaily[.]org,,Spoofs New York Daily News.,[36][29][32][22][35][28][27][24],nynewsdaily.org,1
San Fran Chron,sanfranchron[.]com,,Spoofs the San Francisco Chronicle.,[25][29][32][22][35][27][24],sanfranchron.com,1
Verite Cachee France,veritecachee[.]fr,,"Noted by researchers to use Generative AI to produce articles based on French news websites. Some article titles include prompts for large language models. Website name is misspelled, missing accents.",[22][48][49][50],veritecachee.fr,1
vidvist.com,vidvist.com,,,[35],vidvist.com,1
XposedEm,xposedem[.]com,,,[22][35][24],xposedem.com,1
abakan-news[.]net,abakan-news[.]net,,,[51],abakan-news.net,1
adygheya-news[.]net,adygheya-news[.]net,,,[51],adygheya-news.net,1
alchevsk-news[.]ru,alchevsk-news[.]ru,,,[51],alchevsk-news.ru,1
altay-news[.]net,altay-news[.]net,,,[51],altay-news.net,1
amur-news[.]net,amur-news[.]net,,,[51],amur-news.net,1
arkhangelsk-news[.]net,arkhangelsk-news[.]net,,,[51],arkhangelsk-news.net,1
astrakhan-news[.]net,astrakhan-news[.]net,,,[51],astrakhan-news.net,1
baikal-news[.]net,baikal-news[.]net,,,[51],baikal-news.net,1
barnaul-news[.]net,barnaul-news[.]net,,,[51],barnaul-news.net,1
bc-news[.]ru,bc-news[.]ru,,,[51],bc-news.ru,1
belgorod-news[.]net,belgorod-news[.]net,,,[51],belgorod-news.net,1
berdyansk-news[.]ru,berdyansk-news[.]ru,,,[51],berdyansk-news.ru,1
birobidzhan-news[.]net,birobidzhan-news[.]net,,,[51],birobidzhan-news.net,1
bryansk-news[.]net,bryansk-news[.]net,,,[51],bryansk-news.net,1
cheb-news[.]net,cheb-news[.]net,,,[51],cheb-news.net,1
chelyabinsk-news[.]net,chelyabinsk-news[.]net,,,[51],chelyabinsk-news.net,1
cherkassy-news[.]ru,cherkassy-news[.]ru,,,[51],cherkassy-news.ru,1
cherkessk-news[.]net,cherkessk-news[.]net,,,[51],cherkessk-news.net,1
chernigov-news[.]ru,chernigov-news[.]ru,,,[51],chernigov-news.ru,1
chernovcy-news[.]ru,chernovcy-news[.]ru,,,[51],chernovcy-news.ru,1
chita-news[.]net,chita-news[.]net,,,[51],chita-news.net,1
chukotka-news[.]net,chukotka-news[.]net,,,[51],chukotka-news.net,1
crimea-news[.]com,crimea-news[.]com,,,[51],crimea-news.com,1
dagestan-news[.]net,dagestan-news[.]net,,,[51],dagestan-news.net,1
dnepr-news[.]ru,dnepr-news[.]ru,,,[51],dnepr-news.ru,1
dneprnews.com[.]ua,dneprnews.com[.]ua,,,[51],dneprnews.com.ua,1
dneprodzerzhinsk-news[.]ru,dneprodzerzhinsk-news[.]ru,,,[51],dneprodzerzhinsk-news.ru,1
dnr-news[.]ru,dnr-news[.]ru,,,[51],dnr-news.ru,1
donetsk-news[.]ru,donetsk-news[.]ru,,,[51],donetsk-news.ru,1
gazeta.kharkiv[.]ua,gazeta.kharkiv[.]ua,,,[51],gazeta.kharkiv.ua,1
georgia-news[.]com,georgia-news[.]com,,,[52],georgia-news.com,1
gorlovka-news[.]ru,gorlovka-news[.]ru,,,[51],gorlovka-news.ru,1
grozny-news[.]net,grozny-news[.]net,,,[51],grozny-news.net,1
if-news[.]ru,if-news[.]ru,,,[51],if-news.ru,1
ingushetiya-news[.]net,ingushetiya-news[.]net,,,[51],ingushetiya-news.net,1
irkutsk-news[.]net,irkutsk-news[.]net,,,[51],irkutsk-news.net,1
ivanovo-news[.]net,ivanovo-news[.]net,,,[51],ivanovo-news.net,1
izhevsk-news[.]net,izhevsk-news[.]net,,,[51],izhevsk-news.net,1
kaliningrad-news[.]net,kaliningrad-news[.]net,,,[51],kaliningrad-news.net,1
kalmykia-news[.]net,kalmykia-news[.]net,,,[51],kalmykia-news.net,1
kaluga-news[.]net,kaluga-news[.]net,,,[51],kaluga-news.net,1
kamchatka-news[.]net,kamchatka-news[.]net,,,[51],kamchatka-news.net,1
karelia-news[.]net,karelia-news[.]net,,,[51],karelia-news.net,1
kazan-news[.]net,kazan-news[.]net,,,[51],kazan-news.net,1
kemerovo-news[.]net,kemerovo-news[.]net,,,[51],kemerovo-news.net,1
khabarovsk-news[.]net,khabarovsk-news[.]net,,,[51],khabarovsk-news.net,1
kherson-news[.]ru,kherson-news[.]ru,,,[51],kherson-news.ru,1
khmelnitskiy-news[.]ru,khmelnitskiy-news[.]ru,,,[51],khmelnitskiy-news.ru,1
kiev-news.com[.]ua,kiev-news.com[.]ua,,,[51],kiev-news.com.ua,1
kirov-news[.]net,kirov-news[.]net,,,[51],kirov-news.net,1
kirovograd-news[.]ru,kirovograd-news[.]ru,,,[51],kirovograd-news.ru,1
komi-news[.]net,komi-news[.]net,,,[51],komi-news.net,1
kostroma-news[.]net,kostroma-news[.]net,,,[51],kostroma-news.net,1
kramatorsk-news[.]ru,kramatorsk-news[.]ru,,,[51],kramatorsk-news.ru,1
krasnodar-news[.]net,krasnodar-news[.]net,,,[51],krasnodar-news.net,1
krasnoyarsk-news[.]net,krasnoyarsk-news[.]net,,,[51],krasnoyarsk-news.net,1
kremenchug-news[.]ru,kremenchug-news[.]ru,,,[51],kremenchug-news.ru,1
krivoy-rog-news[.]ru,krivoy-rog-news[.]ru,,,[51],krivoy-rog-news.ru,1
kurgan-news[.]net,kurgan-news[.]net,,,[51],kurgan-news.net,1
kursk-news[.]net,kursk-news[.]net,,,[51],kursk-news.net,1
latvia-news[.]com,latvia-news[.]com,,,[52],latvia-news.com,1
lenta.donetsk[.]ua,lenta.donetsk[.]ua,,,[51],lenta.donetsk.ua,1
lenta.if[.]ua,lenta.if[.]ua,,,[51],lenta.if.ua,1
lenta.kharkiv[.]ua,lenta.kharkiv[.]ua,,,[51],lenta.kharkiv.ua,1
lenta.lviv[.]ua,lenta.lviv[.]ua,,,[51],lenta.lviv.ua,1
lenta.te[.]ua,lenta.te[.]ua,,,[51],lenta.te.ua,1
lipetsk-news[.]net,lipetsk-news[.]net,,,[51],lipetsk-news.net,1
lithuania-news[.]com,lithuania-news[.]com,,,[52],lithuania-news.com,1
lnr-news[.]ru,lnr-news[.]ru,,,[51],lnr-news.ru,1
lugansk-news[.]ru,lugansk-news[.]ru,,,[51],lugansk-news.ru,1
lvov-news[.]ru,lvov-news[.]ru,,,[51],lvov-news.ru,1
magadan-news[.]net,magadan-news[.]net,,,[51],magadan-news.net,1
mariel-news[.]net,mariel-news[.]net,,,[51],mariel-news.net,1
mariupol-news[.]ru,mariupol-news[.]ru,,,[51],mariupol-news.ru,1
melitopol-news[.]ru,melitopol-news[.]ru,,,[51],melitopol-news.ru,1
moldova-news[.]com,moldova-news[.]com,,,[52],moldova-news.com,1
moskva-news[.]com,moskva-news[.]com,,,[51],moskva-news.com,1
msk-news[.]net,msk-news[.]net,,,[51],msk-news.net,1
murmansk-news[.]net,murmansk-news[.]net,,,[51],murmansk-news.net,1
nabchelny-news[.]ru,nabchelny-news[.]ru,,,[51],nabchelny-news.ru,1
nalchik-news[.]net,nalchik-news[.]net,,,[51],nalchik-news.net,1
nao-news[.]net,nao-news[.]net,,,[51],nao-news.net,1
news-armenia[.]com,news-armenia[.]com,,,[52],news-armenia.com,1
news-balashiha[.]ru,news-balashiha[.]ru,,,[51],news-balashiha.ru,1
news-estonia[.]com,news-estonia[.]com,,,[52],news-estonia.com,1
news-kharkov[.]ru,news-kharkov[.]ru,,,[51],news-kharkov.ru,1
news-kiev[.]ru,news-kiev[.]ru,,,[51],news-kiev.ru,1
news-makeevka[.]ru,news-makeevka[.]ru,,,[51],news-makeevka.ru,1
news-odessa[.]ru,news-odessa[.]ru,,,[51][53],news-odessa.ru,1
news-pravda[.]com,news-pravda[.]com,,,[52][54],news-pravda.com,1
news-surgut[.]ru,news-surgut[.]ru,,,[51],news-surgut.ru,1
niknews.com[.]ua,niknews.com[.]ua,,,[51],niknews.com.ua,1
nikolaev-news[.]ru,nikolaev-news[.]ru,,,[51],nikolaev-news.ru,1
nikolaevnews.com[.]ua,nikolaevnews.com[.]ua,,,[51],nikolaevnews.com.ua,1
nikopol-news[.]ru,nikopol-news[.]ru,,,[51],nikopol-news.ru,1
nk-news[.]ru,nk-news[.]ru,,,[51],nk-news.ru,1
nn-news[.]net,nn-news[.]net,,,[51],nn-news.net,1
norilsk-news[.]ru,norilsk-news[.]ru,,,[51],norilsk-news.ru,1
novgorod-news[.]net,novgorod-news[.]net,,,[51],novgorod-news.net,1
novosibirsk-news[.]net,novosibirsk-news[.]net,,,[51],novosibirsk-news.net,1
novyny.kr[.]ua,novyny.kr[.]ua,,,[51],novyny.kr.ua,1
novyny.zt[.]ua,novyny.zt[.]ua,,,[51],novyny.zt.ua,1
omsk-news[.]net,omsk-news[.]net,,,[51],omsk-news.net,1
orel-news[.]net,orel-news[.]net,,,[51],orel-news.net,1
orenburg-news[.]net,orenburg-news[.]net,,,[51],orenburg-news.net,1
pavlograd-news[.]ru,pavlograd-news[.]ru,,,[51],pavlograd-news.ru,1
penza-news[.]net,penza-news[.]net,,,[51],penza-news.net,1
perm-news[.]net,perm-news[.]net,,,[51],perm-news.net,1
piter-news[.]net,piter-news[.]net,,,[51],piter-news.net,1
poltava-news[.]ru,poltava-news[.]ru,,,[51],poltava-news.ru,1
pravda-de[.]com,pravda-de[.]com,,,[51][55],pravda-de.com,1
Pravda EN,pravda-en[.]com,,,[51][53][55],pravda-en.com,1
pravda-es[.]com,pravda-es[.]com,,,[51][55],pravda-es.com,1
pravda-fr[.]com,pravda-fr[.]com,,,[51][55],pravda-fr.com,1
pravda-pl[.]com,pravda-pl[.]com,,,[51][55],pravda-pl.com,1
pravda-nl[.]com,pravda-nl[.]com,,,[56],pravda-nl.com,1
pravda-dk[.]com,pravda-dk[.]com,,,[56],pravda-dk.com,1
pravda-se[.]com,pravda-se[.]com,,,[56],pravda-se.com,1
pravda-fi[.]com,pravda-fi[.]com,,,[56],pravda-fi.com,1
pravda-ee[.]com,pravda-ee[.]com,,,[56],pravda-ee.com,1
pravda-lt[.]com,pravda-lt[.]com,,,[56],pravda-lt.com,1
pravda-lv[.]com,pravda-lv[.]com,,,[56],pravda-lv.com,1
pravda-cz[.]com,pravda-cz[.]com,,,[56],pravda-cz.com,1
pravda-sk[.]com,pravda-sk[.]com,,,[56],pravda-sk.com,1
pravda-si[.]com,pravda-si[.]com,,,[56],pravda-si.com,1
pravda-hr[.]com,pravda-hr[.]com,,,[56],pravda-hr.com,1
pravda-hu[.]com,pravda-hu[.]com,,,[56],pravda-hu.com,1
pravda-ro[.]com,pravda-ro[.]com,,,[56],pravda-ro.com,1
pravda-bg[.]com,pravda-bg[.]com,,,[56],pravda-bg.com,1
pravda-gr[.]com,pravda-gr[.]com,,,[56],pravda-gr.com,1
pravda-cy[.]com,pravda-cy[.]com,,,[56],pravda-cy.com,1
pravda-it[.]com,pravda-it[.]com,,,[56],pravda-it.com,1
pravda-ie[.]com,pravda-ie[.]com,,,[56],pravda-ie.com,1
pravda-pt[.]com,pravda-pt[.]com,,,[56],pravda-pt.com,1
pravda-al[.]com,pravda-al[.]com,,,[56],pravda-al.com,1
pravda-ba[.]com,pravda-ba[.]com,,,[56],pravda-ba.com,1
pravda-mk[.]com,pravda-mk[.]com,,,[56],pravda-mk.com,1
pravda-md[.]com,pravda-md[.]com,,,[56],pravda-md.com,1
pravda-rs[.]com,pravda-rs[.]com,,,[56],pravda-rs.com,1
pravda-no[.]com,pravda-no[.]com,,,[56],pravda-no.com,1
pravda-cf[.]com,pravda-cf[.]com,,,[56],pravda-cf.com,1
pravda-bf[.]com,pravda-bf[.]com,,,[56],pravda-bf.com,1
pravda-ne[.]com,pravda-ne[.]com,,,[56],pravda-ne.com,1
pravda-jp[.]com,pravda-jp[.]com,,,[56],pravda-jp.com,1
pravda-tw[.]com,pravda-tw[.]com,,,[56],pravda-tw.com,1
pravda-ko[.]com,pravda-ko[.]com,,,[56],pravda-ko.com,1
pskov-news[.]net,pskov-news[.]net,,,[51],pskov-news.net,1
rostov-news[.]net,rostov-news[.]net,,,[51],rostov-news.net,1
rovno-news[.]ru,rovno-news[.]ru,,,[51],rovno-news.ru,1
ryazan-news[.]net,ryazan-news[.]net,,,[51],ryazan-news.net,1
sakhalin-news[.]net,sakhalin-news[.]net,,,[51],sakhalin-news.net,1
samara-news[.]net,samara-news[.]net,,,[51],samara-news.net,1
saransk-news[.]net,saransk-news[.]net,,,[51],saransk-news.net,1
saratov-news[.]net,saratov-news[.]net,,,[51],saratov-news.net,1
sevastopol-news[.]com,sevastopol-news[.]com,,,[51],sevastopol-news.com,1
slavyansk-news[.]ru,slavyansk-news[.]ru,,,[51],slavyansk-news.ru,1
smolensk-news[.]net,smolensk-news[.]net,,,[51],smolensk-news.net,1
sochi-news[.]net,sochi-news[.]net,,,[51],sochi-news.net,1
stavropol-news[.]net,stavropol-news[.]net,,,[51],stavropol-news.net,1
sumy-news[.]ru,sumy-news[.]ru,,,[51],sumy-news.ru,1
tagil-news[.]ru,tagil-news[.]ru,,,[51],tagil-news.ru,1
tambov-news[.]net,tambov-news[.]net,,,[51],tambov-news.net,1
ternopol-news[.]ru,ternopol-news[.]ru,,,[51],ternopol-news.ru,1
tiraspol-news[.]ru,tiraspol-news[.]ru,,,[51],tiraspol-news.ru,1
tolyatti-news[.]net,tolyatti-news[.]net,,,[51],tolyatti-news.net,1
tomsk-news[.]net,tomsk-news[.]net,,,[51],tomsk-news.net,1
topnews.ck[.]ua,topnews.ck[.]ua,,,[51],topnews.ck.ua,1
topnews.cn[.]ua,topnews.cn[.]ua,,,[51],topnews.cn.ua,1
topnews.cv[.]ua,topnews.cv[.]ua,,,[51],topnews.cv.ua,1
topnews.kiev[.]ua,topnews.kiev[.]ua,,,[51],topnews.kiev.ua,1
topnews.km[.]ua,topnews.km[.]ua,,,[51],topnews.km.ua,1
topnews.kr[.]ua,topnews.kr[.]ua,,,[51],topnews.kr.ua,1
topnews.ks[.]ua,topnews.ks[.]ua,,,[51],topnews.ks.ua,1
topnews.lg[.]ua,topnews.lg[.]ua,,,[51],topnews.lg.ua,1
topnews.odessa[.]ua,topnews.odessa[.]ua,,,[51],topnews.odessa.ua,1
topnews.pl[.]ua,topnews.pl[.]ua,,,[51],topnews.pl.ua,1
topnews.rv[.]ua,topnews.rv[.]ua,,,[51],topnews.rv.ua,1
topnews.sebastopol[.]ua,topnews.sebastopol[.]ua,,,[51],topnews.sebastopol.ua,1
topnews.sumy[.]ua,topnews.sumy[.]ua,,,[51],topnews.sumy.ua,1
topnews[.]uz[.]ua,topnews[.]uz[.]ua,,,[51][53],topnews.uz.ua,1
topnews.vn[.]ua,topnews.vn[.]ua,,,[51],topnews.vn.ua,1
topnews.volyn[.]ua,topnews.volyn[.]ua,,,[51],topnews.volyn.ua,1
topnews.zp[.]ua,topnews.zp[.]ua,,,[51],topnews.zp.ua,1
topnews.zt[.]ua,topnews.zt[.]ua,,,[51],topnews.zt.ua,1
tula-news[.]net,tula-news[.]net,,,[51],tula-news.net,1
tuva-news[.]net,tuva-news[.]net,,,[51],tuva-news.net,1
tver-news[.]net,tver-news[.]net,,,[51],tver-news.net,1
tyumen-news[.]net,tyumen-news[.]net,,,[51],tyumen-news.net,1
uanews.ck[.]ua,uanews.ck[.]ua,,,[51],uanews.ck.ua,1
uanews.cn[.]ua,uanews.cn[.]ua,,,[51],uanews.cn.ua,1
uanews.crimea[.]ua,uanews.crimea[.]ua,,,[51],uanews.crimea.ua,1
uanews.cv[.]ua,uanews.cv[.]ua,,,[51],uanews.cv.ua,1
uanews.donetsk[.]ua,uanews.donetsk[.]ua,,,[51],uanews.donetsk.ua,1
uanews.dp[.]ua,uanews.dp[.]ua,,,[51],uanews.dp.ua,1
uanews.if[.]ua,uanews.if[.]ua,,,[51],uanews.if.ua,1
uanews.kharkiv[.]ua,uanews.kharkiv[.]ua,,,[51],uanews.kharkiv.ua,1
uanews.km[.]ua,uanews.km[.]ua,,,[51],uanews.km.ua,1
uanews.kr[.]ua,uanews.kr[.]ua,,,[51],uanews.kr.ua,1
uanews.ks[.]ua,uanews.ks[.]ua,,,[51],uanews.ks.ua,1
uanews.lg[.]ua,uanews.lg[.]ua,,,[51],uanews.lg.ua,1
uanews.lviv[.]ua,uanews.lviv[.]ua,,,[51],uanews.lviv.ua,1
uanews.odessa[.]ua,uanews.odessa[.]ua,,,[51],uanews.odessa.ua,1
uanews.pl[.]ua,uanews.pl[.]ua,,,[51],uanews.pl.ua,1
uanews.rv[.]ua,uanews.rv[.]ua,,,[51],uanews.rv.ua,1
uanews.sumy[.]ua,uanews.sumy[.]ua,,,[51],uanews.sumy.ua,1
uanews.te[.]ua,uanews.te[.]ua,,,[51],uanews.te.ua,1
uanews.uz[.]ua,uanews.uz[.]ua,,,[51],uanews.uz.ua,1
uanews.vn[.]ua,uanews.vn[.]ua,,,[51],uanews.vn.ua,1
uanews.volyn[.]ua,uanews.volyn[.]ua,,,[51],uanews.volyn.ua,1
uanews.zp[.]ua,uanews.zp[.]ua,,,[51],uanews.zp.ua,1
uanews.zt[.]ua,uanews.zt[.]ua,,,[51],uanews.zt.ua,1
udmurt-news[.]net,udmurt-news[.]net,,,[51],udmurt-news.net,1
ufa-news[.]net,ufa-news[.]net,,,[51],ufa-news.net,1
ugra-news[.]net,ugra-news[.]net,,,[51],ugra-news.net,1
ulyanovsk-news[.]net,ulyanovsk-news[.]net,,,[51],ulyanovsk-news.net,1
ural-news[.]net,ural-news[.]net,,,[51],ural-news.net,1
uzhgorod-news[.]ru,uzhgorod-news[.]ru,,,[51],uzhgorod-news.ru,1
vin-news[.]ru,vin-news[.]ru,,,[51],vin-news.ru,1
vladikavkaz-news[.]net,vladikavkaz-news[.]net,,,[51],vladikavkaz-news.net,1
vladimir-news[.]net,vladimir-news[.]net,,,[51],vladimir-news.net,1
vladivostok-news[.]net,vladivostok-news[.]net,,,[51],vladivostok-news.net,1
volgograd-news[.]net,volgograd-news[.]net,,,[51],volgograd-news.net,1
vologda-news[.]net,vologda-news[.]net,,,[51],vologda-news.net,1
volyn-news[.]ru,volyn-news[.]ru,,,[51],volyn-news.ru,1
volzhskiy-news[.]ru,volzhskiy-news[.]ru,,,[51],volzhskiy-news.ru,1
voronezh-news[.]net,voronezh-news[.]net,,,[51],voronezh-news.net,1
yakutsk-news[.]net,yakutsk-news[.]net,,,[51],yakutsk-news.net,1
yamal-news[.]net,yamal-news[.]net,,,[51],yamal-news.net,1
yaroslavl-news[.]net,yaroslavl-news[.]net,,,[51],yaroslavl-news.net,1
zhitomir-news[.]ru,zhitomir-news[.]ru,,,[51],zhitomir-news.ru,1
zp-news[.]ru,zp-news[.]ru,,,[51],zp-news.ru,1
actualidad-rt[.]com,actualidad-rt[.]com,,"Alternative domain for RT, created after the Russo-Ukrainian War in 2022 to circumvent the broadcast ban in the European Union.",[57],actualidad-rt.com,1
Africa-rt.com,africa-rt.com,,"Domain for RT, targeting French-speakers in African countries.",[58],africa-rt.com,1
esrt[.]press,esrt[.]press,,"Alternative domain for RT, created after the Russo-Ukrainian War in 2022 to circumvent the broadcast ban in the European Union.",[57],esrt.press,1
estr[.]online,estr[.]online,,"Alternative domain for RT, created after the Russo-Ukrainian War in 2022 to circumvent the broadcast ban in the European Union.",[57],estr.online,1
In the Now,inthenow[.]media,,"Originally a show on RT that became its own project in 2016. Its content was reposted on RT, and one of its employees also worked at Redfish. Owned by Maffick. Noted by researchers to primarily target younger and left-learning audiences and aim to worsen political divisions in the United States. Described by researchers as using ""overt propaganda strategies"" in its coverage of the Black Lives Matter protests of 2020.",[59][60][61][62],inthenow.media,1
Redfish,redfish[.]media,,"Staffed by Lizzie Phelan, who previously worked for RT and Press TV. At least four other correspondents had previously worked for Russian state media. Presents itself as a ""grassroots"" and left-wing media startup. Its content is reposted on RT. Accused by Vice of being a front organization to spread propaganda from the Russian government. Described by propaganda researchers as having a sophisticated level of production, lacking direct display of ties to Russia, and reaching its audience's feelings of indignation at perceived hypocrisy in its use of whataboutism. Noted by researchers to primarily target younger and left-learning audiences and aim to worsen political divisions in the United States. Described by researchers as using ""overt propaganda strategies"" in its coverage of the Black Lives Matter protests of 2020.",[60][61][62][63],redfish.media,1
RT,rt.com,,"Funded by the Russian federal government. Accused by the Global Disinformation Index of spreading disinformation on 5G, COVID-19 and the 2020 US presidential election. Identified by the Center for Countering Digital Hate as a major distributor of climate change denialism.",[64][65][66][67][68][69][70][71][72][6],rt.com,1
Ruptly,ruptly[.]tv,,"Subsidiary of RT. Noted by researchers to primarily target younger and left-learning audiences and aim to worsen political divisions in the United States. Described by researchers as using ""overt propaganda strategies"" in its coverage of the Black Lives Matter protests of 2020.",[60][61][62][73],ruptly.tv,1
Rt-afrique.com,rt-afrique.com,,"Domain for RT, targeting French-speakers in African countries.",[58],rt-afrique.com,1
Rtafrica.media,rtafrica.media,,"Domain for RT, targeting French-speakers in African countries.",[58],rtafrica.media,1
Rtafrique.online,rtafrique.online,,"Domain for RT, targeting French-speakers in African countries.",[58],rtafrique.online,1
britishtalks.com,britishtalks.com,,,[74],britishtalks.com,1
euronewstop.co.uk,euronewstop.co.uk,,,[74],euronewstop.co.uk,1
Newstop.africa,Newstop.africa,,,[74],newstop.africa,1
Britishattitudes.com,Britishattitudes.com,,,[74],britishattitudes.com,1
xn--aljaeera-4t0d[.]net,xn--aljaeera-4t0d[.]net,,"Spoofing of Al Jazeera. Likely part of an active measures campaign by the Russian government in 2017. Also part of Endless Mayfly, an Iran-affiliated disinformation campaign.",[76][77],xn--aljaeera-4t0d.net,1
theatlatnic[.]com,theatlatnic[.]com,,"Spoofing of The Atlantic. Likely part of an active measures campaign by the Russian government in 2017. Also part of Endless Mayfly, an Iran-affiliated disinformation campaign.",[76][77],theatlatnic.com,1
Channel3 Now,channel3now.com,Defunct,"Registered in Lithuania in 2023. Accused by investigative journalists and disinformation researchers of being linked to Russia and of originating the claim that falsely identified the perpetrator of the 2024 Southport stabbing, leading to the 2024 United Kingdom riots. Noted by The Guardian and The Telegraph of potentially using Generative AI in some of its stories. A subsequent BBC investigation in August 2024 did not find evidence of ties to the Russian state, and described the site as ""a commercial operation attempting to aggregate crime news while making money on social media.""[78]",[79][80][81][78][82][83][84][85][86],channel3now.com,1
Channel3 Now,fox3now.com,Defunct,"Registered in Lithuania in 2023. Accused by investigative journalists and disinformation researchers of being linked to Russia and of originating the claim that falsely identified the perpetrator of the 2024 Southport stabbing, leading to the 2024 United Kingdom riots. Noted by The Guardian and The Telegraph of potentially using Generative AI in some of its stories. A subsequent BBC investigation in August 2024 did not find evidence of ties to the Russian state, and described the site as ""a commercial operation attempting to aggregate crime news while making money on social media.""[78]",[79][80][81][78][82][83][84][85][86],fox3now.com,1
Channel3 Now,fox5now.com,Defunct,"Registered in Lithuania in 2023. Accused by investigative journalists and disinformation researchers of being linked to Russia and of originating the claim that falsely identified the perpetrator of the 2024 Southport stabbing, leading to the 2024 United Kingdom riots. Noted by The Guardian and The Telegraph of potentially using Generative AI in some of its stories. A subsequent BBC investigation in August 2024 did not find evidence of ties to the Russian state, and described the site as ""a commercial operation attempting to aggregate crime news while making money on social media.""[78]",[79][80][81][78][82][83][84][85][86],fox5now.com,1
Channel3 Now,fox7now.com,Defunct,"Registered in Lithuania in 2023. Accused by investigative journalists and disinformation researchers of being linked to Russia and of originating the claim that falsely identified the perpetrator of the 2024 Southport stabbing, leading to the 2024 United Kingdom riots. Noted by The Guardian and The Telegraph of potentially using Generative AI in some of its stories. A subsequent BBC investigation in August 2024 did not find evidence of ties to the Russian state, and described the site as ""a commercial operation attempting to aggregate crime news while making money on social media.""[78]",[79][80][81][78][82][83][84][85][86],fox7now.com,1
EurAsia Daily,eadaily.com,,"EADaily (Eurasia Daily) is a Russian-language news website that focuses on politics, economics, and international relations, particularly in the post-Soviet space. The website was founded in 2015 and positions itself as a provider of analytical journalism with a strong focus on Eurasian geopolitical issues. EADaily exhibits a strong pro-Russian, nationalist, and right-leaning bias, particularly in its coverage of international affairs. Its reporting often portrays Russia as a stabilizing force in global politics while casting Western nations, especially the United States, NATO, and the European Union, as aggressive or destabilizing actors. Coverage of conflicts involving Russia, such as the war in Ukraine, tends to present Ukrainian forces negatively while amplifying Russian military successes.",[87],eadaily.com,1
xn--theguardan-4ub[.]com,xn--theguardan-4ub[.]com,,"Spoofing of The Guardian that uses an IDN homograph attack in which the ""i"" in the ""guardian"" is replaced by the Turkish character ""Ä±"". Contains fabricated quotes from John Scarlett that suggest CIA and MI6 involvement in the Rose Revolution to weaken Russia. Likely part of an active measures campaign by the Russian government in 2017. Also part of Endless Mayfly, an Iran-affiliated disinformation campaign.",[76][77],xn--theguardan-4ub.com,1
xn--haarez-m17b[.]com,xn--haarez-m17b[.]com,,"Spoofing of Haaretz. Likely part of an active measures campaign by the Russian government in 2017. Also part of Endless Mayfly, an Iran-affiliated disinformation campaign.",[76][77],xn--haarez-m17b.com,1
lesoir[.]info,lesoir[.]info,,"Spoof of Le Soir. Part of Endless Mayfly, an Iran-affiliated disinformation campaign. Also used to spread a false claim about Emmanuel Macron's campaign being funded by Saudi Arabia during the 2017 French Presidential Election.",[76][88],lesoir.info,1
Media Alternatif,mediaalternatif.fr,,"Includes prompts for large language models in some of its articles. Cites an NGO founded by Yevgeny Prigozhin as a source for a unverified claim that Ukrainian children were kidnapped by a foundation run by Olena Zelenska. Lists a fictitious journalist as a writer on its site. The owner of the website domain, Host Master, is a company in Cyprus that was previously convicted of fraud for selling domain names that were very similar to Google and the French company.",[34][89],mediaalternatif.fr,1
NewsFront,news-front[.]info,,Funded by the FSB.,[90],news-front.info,1
Observateur Continental,ObservateurContinental[.]fr,,"Spread disinformation about COVID-19, including the false claim that COVID-19 is a bioweapon. Linked to Russian news agency InfoRos, which in turn is linked with the GRU.",[20],observateurcontinental.fr,1
Oneworld.press,Oneworld[.]press,,"Russian troll farm working to elect Donald Trump and pushing fake pandemic information. Linked to Russian news agency InfoRos, which in turn is linked with the GRU.",[91][20][6],oneworld.press,1
Patriot Pioneer,patrioticpioneer.com,,,[6][92],patrioticpioneer.com,1
Peace Data,peacedata[.]net,,"A website that purports to be an independent left-wing news outlet, linked to Russian state actors.",[93],peacedata.net,1
Seattle Tribune,seattle-tribune.com,,"Impersonates the Seattle Tribune, a defunct 20th century newspaper.",[94][95][96],seattle-tribune.com,1
SouthFront,southfront[.]org,,Accused by independent researchers of being sponsored by the Russian government.,[97][98][6],southfront.org,1
State Stage,statestage.org,,,[6][92],statestage.org,1
Veterans News Now,veteransnewsnow[.]com,,Accused by independent researchers of being sponsored by the Russian government.,[97][98],veteransnewsnow.com,1
Veterans Today,veteranstoday[.]com,,Accused by independent researchers of being sponsored by the Russian government.,[97][98],veteranstoday.com,1
